ADI,ADI_Normalized,AmountFinal,AmountFinal_Normalized,Constituency,FactoriesFinal,FactoriesFinal_Normalized,Margin %,Margin%_Normalized,Total,Totalcsr,Type,amount,centerAlignment,isMPMinister,is_backward,ministry_comp_intersection,non_backward,not_aligned,rs_min_mplad_district,state,stateAlignment
16,0.818181818181818,0,0,ANDAMAN AND NICOBAR,10,0.012771392081737,4.1,0.072953736654804,10,0,GEN,0,1,0,0,0,1,0,0,ANDAMAN AND NICOBAR,0
15,0.727272727272727,23500000,0.004154071874282,AMALAPURAM,357,0.455938697318008,10.8,0.192170818505338,357,3,SC,2350000000,1,0,0,0,1,0,0,ANDHRA PRADESH,1
16,0.818181818181818,304200000,0.05377313464496,ANAKAPALLE,1,0.001277139208174,4.2,0.074733096085409,114,6,GEN,30420000000,1,0,1,0,0,0,0,ANDHRA PRADESH,1
14,0.636363636363636,278500000,0.049230170935638,ANANTAPUR,46,0.05874840357599,5.1,0.090747330960854,46,0,GEN,19390000000,1,0,0,0,1,0,0,ANDHRA PRADESH,1
14,0.636363636363636,387400000,0.068480316770077,ARAKU,1,0.001277139208174,10,0.177935943060498,518,11,ST,38740000000,0,0,1,0,0,1,0,ANDHRA PRADESH,0
15,0.727272727272727,60800000,0.010747556168355,BAPATLA,3,0.003831417624521,2.8,0.04982206405694,49,3,SC,6080000000,1,0,0,0,1,0,0,ANDHRA PRADESH,1
14,0.636363636363636,192100000,0.033957327959555,CHITTOOR,48,0.061302681992337,3.7,0.065836298932384,46,4,SC,7470000000,1,0,0,0,1,0,0,ANDHRA PRADESH,1
16,0.818181818181818,110300000,0.019497622456736,ELURU,23,0.029374201787995,8.5,0.151245551601424,48,2,GEN,11030000000,1,0,0,0,1,0,1,ANDHRA PRADESH,1
16,0.818181818181818,189900000,0.033568436124516,GUNTUR,22,0.028097062579821,5.6,0.099644128113879,22,3,GEN,5850000000,1,0,0,0,1,0,0,ANDHRA PRADESH,0
14,0.636363636363636,193900000,0.034275512188224,HINDUPUR,1,0.001277139208174,8.3,0.147686832740214,46,0,GEN,19390000000,1,0,0,0,1,0,0,ANDHRA PRADESH,1
8,0.090909090909091,63700000,0.011260186314543,KADAPA,11,0.014048531289911,15.9,0.282918149466192,11,0,GEN,270000000,0,0,1,0,0,1,0,ANDHRA PRADESH,0
15,0.727272727272727,23500000,0.004154071874282,KAKINADA,1,0.001277139208174,0.3,0.005338078291815,357,3,GEN,2350000000,1,0,0,0,1,0,0,ANDHRA PRADESH,1
15,0.727272727272727,159100000,0.028123950433968,KURNOOL,40,0.051085568326948,4.1,0.072953736654804,37,3,GEN,4190000000,0,0,0,0,1,1,0,ANDHRA PRADESH,0
17,0.909090909090909,67600000,0.011949585476658,MACHILIPATNAM,3,0.003831417624521,7.1,0.126334519572954,27,1,GEN,6760000000,1,0,0,0,1,0,1,ANDHRA PRADESH,0
15,0.727272727272727,41900000,0.007406621767337,NANDYAL,0,0,8.8,0.156583629893238,37,3,GEN,4190000000,0,0,0,0,1,1,0,ANDHRA PRADESH,0
16,0.818181818181818,58500000,0.010340987431723,NARASARAOPET,1,0.001277139208174,2.8,0.04982206405694,22,3,GEN,5850000000,1,0,0,0,1,0,0,ANDHRA PRADESH,1
15,0.727272727272727,42700000,0.007548036980078,NARSAPURAM,0,0,7.8,0.138790035587189,21,1,GEN,4270000000,1,0,0,0,1,0,1,ANDHRA PRADESH,0
14,0.636363636363636,2300000,0.000406568736632,NELLORE,38,0.0485312899106,1.1,0.019572953736655,35,0,GEN,230000000,0,0,0,0,1,1,0,ANDHRA PRADESH,0
14,0.636363636363636,10700000,0.001891428470418,ONGOLE,25,0.031928480204342,1.3,0.023131672597865,27,0,GEN,230000000,0,0,0,0,1,1,0,ANDHRA PRADESH,0
15,0.727272727272727,119800000,0.021176928108041,RAJAHMUNDRY,9,0.011494252873563,14.5,0.258007117437722,378,4,GEN,6620000000,1,0,0,0,1,0,1,ANDHRA PRADESH,1
11,0.363636363636364,77400000,0.013681921832741,RAJAMPET,0,0,15.1,0.268683274021352,57,4,GEN,7740000000,0,0,1,0,0,1,0,ANDHRA PRADESH,0
13,0.545454545454545,165200000,0.029202241431122,SRIKAKULAM,25,0.031928480204342,12.1,0.215302491103203,25,2,GEN,5970000000,1,0,0,0,1,0,0,ANDHRA PRADESH,1
14,0.636363636363636,74700000,0.013204645489739,TIRUPATI,1,0.001277139208174,3.1,0.055160142348755,54,4,SC,7470000000,0,0,0,0,1,1,0,ANDHRA PRADESH,0
17,0.909090909090909,67600000,0.011949585476658,VIJAYAWADA,90,0.114942528735632,6.3,0.112099644128114,27,1,GEN,6760000000,1,0,0,0,1,0,1,ANDHRA PRADESH,1
14,0.636363636363636,563900000,0.099680048081172,VISAKHAPATNAM,122,0.15581098339719,7.8,0.138790035587189,136,6,GEN,30420000000,1,0,1,0,0,0,0,ANDHRA PRADESH,0
13,0.545454545454545,63300000,0.011189478708172,VIZIANAGARAM,22,0.028097062579821,9.5,0.169039145907473,47,2,GEN,5970000000,1,1,1,1,0,0,0,ANDHRA PRADESH,1
13,0.545454545454545,3700000,0.000654045358929,ARUNACHAL EAST,0,0,4.8,0.085409252669039,0,0,GEN,80000000,0,0,1,0,0,1,0,ARUNACHAL PRADESH,0
13,0.545454545454545,16700000,0.002952042565979,ARUNACHAL WEST,2,0.002554278416347,12.4,0.220640569395018,0,0,GEN,780000000,1,1,0,0,1,0,0,ARUNACHAL PRADESH,1
10,0.272727272727273,600000,0.000106061409556,AUTONOMOUS DISTRICT,2,0.002554278416347,4.4,0.078291814946619,1,0,ST,0,0,0,0,0,1,0,0,ASSAM,1
12,0.454545454545455,277800000,0.04910643262449,BARPETA,11,0.014048531289911,3.5,0.062277580071174,11,0,GEN,190000000,0,0,1,0,0,1,0,ASSAM,0
9,0.181818181818182,23800000,0.00420710257906,DHUBRI,1,0.001277139208174,16.8,0.298932384341637,1,0,GEN,0,0,0,1,0,0,1,0,ASSAM,0
13,0.545454545454545,249200000,0.044050838768981,DIBRUGARH,21,0.026819923371648,20.8,0.370106761565836,11,3,GEN,4800000000,1,0,0,0,1,0,0,ASSAM,0
16,0.818181818181818,81800000,0.01445970550282,GAUHATI,108,0.137931034482759,20.9,0.371886120996441,109,0,GEN,2400000000,1,0,1,0,0,0,0,ASSAM,0
15,0.727272727272727,79200000,0.01400010606141,JORHAT,8,0.01021711366539,11,0.195729537366548,7,0,GEN,200000000,1,0,0,0,1,0,0,ASSAM,0
12,0.454545454545455,199600000,0.035283095579007,KALIABOR,3,0.003831417624521,8,0.142348754448399,6,0,GEN,200000000,0,0,0,0,1,0,0,ASSAM,1
9,0.181818181818182,0,0,KARIMGANJ,2,0.002554278416347,11.5,0.204626334519573,1,0,SC,0,0,0,1,0,0,1,0,ASSAM,0
11,0.363636363636364,28000000,0.004949532445953,KOKRAJHAR,6,0.007662835249042,29.1,0.51779359430605,11,0,ST,880000000,0,0,1,0,0,1,0,ASSAM,0
13,0.545454545454545,180100000,0.031836099768433,LAKHIMPUR,3,0.003831417624521,26.3,0.46797153024911,16,3,GEN,16940000000,1,1,0,0,1,0,0,ASSAM,0
13,0.545454545454545,45600000,0.008060667126266,MANGALDOI,9,0.011494252873563,1.9,0.033807829181495,87,0,GEN,4340000000,1,0,1,0,0,0,0,ASSAM,0
9,0.181818181818182,12900000,0.002280320305457,NOWGONG,1,0.001277139208174,11.7,0.208185053380783,1,0,GEN,0,1,0,0,0,1,0,0,ASSAM,0
13,0.545454545454545,2500000,0.000441922539817,SILCHAR,0,0,4.4,0.078291814946619,0,0,GEN,0,0,0,0,0,1,0,0,ASSAM,1
9,0.181818181818182,134200000,0.023722401937389,TEZPUR,8,0.01021711366539,8.8,0.156583629893238,11,0,GEN,12290000000,1,0,0,0,1,0,0,ASSAM,0
8,0.090909090909091,0,0,ARARIA,0,0,15,0.266903914590747,0,0,GEN,0,0,0,1,0,0,1,0,BIHAR,0
9,0.181818181818182,0,0,ARRAH,0,0,15.2,0.270462633451957,0,0,GEN,0,1,0,0,0,1,0,0,BIHAR,1
8,0.090909090909091,0,0,AURANGABAD,0,0,8.4,0.149466192170819,249,10,GEN,710000000,1,0,1,0,0,0,0,BIHAR,1
8,0.090909090909091,1500000,0.00026515352389,BANKA,0,0,1.1,0.019572953736655,10,0,GEN,90000000,0,0,1,0,0,1,0,BIHAR,0
8,0.090909090909091,51100000,0.009032896713864,BEGUSARAI,2,0.002554278416347,5.4,0.096085409252669,2,0,GEN,100000000,1,0,1,0,0,0,0,BIHAR,1
8,0.090909090909091,2100000,0.000371214933446,BHAGALPUR,10,0.012771392081737,1,0.01779359430605,10,0,GEN,0,0,0,0,0,1,1,0,BIHAR,0
9,0.181818181818182,2500000,0.000441922539817,BUXAR,2,0.002554278416347,14.9,0.265124555160142,4,1,GEN,0,1,0,0,0,1,0,0,BIHAR,1
8,0.090909090909091,3500000,0.000618691555744,DARBHANGA,0,0,4.2,0.074733096085409,0,0,GEN,0,1,0,0,0,1,0,0,BIHAR,1
8,0.090909090909091,20900000,0.003694472432872,GAYA,1,0.001277139208174,14.3,0.254448398576513,3,0,SC,710000000,1,0,1,0,0,0,0,BIHAR,1
10,0.272727272727273,0,0,GOPALGANJ,0,0,31.8,0.565836298932384,0,0,SC,0,1,0,0,0,1,0,0,BIHAR,1
9,0.181818181818182,0,0,HAJIPUR,0,0,24.9,0.443060498220641,6,0,SC,0,0,1,0,0,1,1,0,BIHAR,0
11,0.363636363636364,11100000,0.001962136076788,JAHANABAD,0,0,5.2,0.092526690391459,3,0,GEN,870000000,1,0,1,0,0,0,0,BIHAR,0
10,0.272727272727273,500000,8.83845079634442E-05,JAMUI,0,0,11.1,0.197508896797153,1,0,SC,50000000,1,0,1,0,0,0,0,BIHAR,0
9,0.181818181818182,0,0,JHANJHARPUR,0,0,5.9,0.104982206405694,1,0,GEN,0,1,1,0,0,1,0,0,BIHAR,1
9,0.181818181818182,0,0,KARAKAT,0,0,13.3,0.236654804270463,248,10,GEN,0,1,1,1,0,0,0,0,BIHAR,0
8,0.090909090909091,0,0,KATIHAR,0,0,11.7,0.208185053380783,0,0,GEN,0,0,0,1,0,0,1,0,BIHAR,0
8,0.090909090909091,8000000,0.001414152127415,KHAGARIA,0,0,8.5,0.151245551601424,1,0,GEN,0,1,0,1,0,0,0,0,BIHAR,0
8,0.090909090909091,1900000,0.000335861130261,KISHANGANJ,0,0,21,0.373665480427046,0,0,GEN,0,0,0,1,0,0,1,0,BIHAR,0
8,0.090909090909091,11000000,0.001944459175196,MADHEPURA,1,0.001277139208174,5.4,0.096085409252669,0,0,GEN,0,0,0,0,0,1,1,0,BIHAR,0
8,0.090909090909091,0,0,MADHUBANI,1,0.001277139208174,2.4,0.04270462633452,1,0,GEN,0,1,0,0,0,1,0,0,BIHAR,1
10,0.272727272727273,0,0,MAHARAJGANJ,0,0,4.5,0.080071174377224,0,0,GEN,270000000,1,0,0,0,1,0,0,BIHAR,1
11,0.363636363636364,26600000,0.004702055823655,MUNGER,1,0.001277139208174,11.9,0.211743772241993,36,2,GEN,2430000000,1,0,0,1,1,0,1,BIHAR,0
8,0.090909090909091,45500000,0.008042990224673,MUZAFFARPUR,3,0.003831417624521,23.4,0.416370106761566,3,0,GEN,2460000000,1,0,1,0,0,0,0,BIHAR,1
8,0.090909090909091,9000000,0.001590921143342,NALANDA,2,0.002554278416347,1,0.01779359430605,0,0,GEN,280000000,1,0,0,0,1,0,0,BIHAR,1
8,0.090909090909091,0,0,NAWADA,0,0,15.8,0.281138790035587,0,0,GEN,0,1,1,1,0,0,0,0,BIHAR,1
8,0.090909090909091,16700000,0.002952042565979,PASCHIM CHAMPARAN,0,0,12.9,0.229537366548043,0,0,GEN,0,1,0,0,0,1,0,0,BIHAR,1
14,0.636363636363636,23800000,0.00420710257906,PATALIPUTRA,0,0,4.1,0.072953736654804,35,2,GEN,2380000000,1,1,0,1,1,0,1,BIHAR,1
14,0.636363636363636,68600000,0.012126354492585,PATNA SAHIB,36,0.045977011494253,30.1,0.5355871886121,35,2,GEN,2380000000,1,0,0,1,1,0,1,BIHAR,1
8,0.090909090909091,6300000,0.001113644800339,PURNIA,0,0,11.5,0.204626334519573,0,0,GEN,0,1,0,1,0,0,0,0,BIHAR,1
9,0.181818181818182,0,0,PURVI CHAMPARAN,0,0,23.4,0.416370106761566,0,0,GEN,0,1,1,0,0,1,0,0,BIHAR,1
8,0.090909090909091,12900000,0.002280320305457,SAMASTIPUR,1,0.001277139208174,0.8,0.01423487544484,1,0,SC,0,1,0,0,0,1,0,0,BIHAR,0
9,0.181818181818182,6400000,0.001131321701932,SARAN,0,0,4.7,0.083629893238434,0,0,GEN,270000000,1,1,0,0,1,0,0,BIHAR,1
9,0.181818181818182,0,0,SASARAM,4,0.005108556832695,7.5,0.133451957295374,2,0,SC,0,1,0,0,0,1,0,0,BIHAR,1
9,0.181818181818182,2000000,0.000353538031854,SHEOHAR,0,0,16.2,0.288256227758007,2,0,GEN,200000000,1,0,1,0,0,0,0,BIHAR,1
9,0.181818181818182,108400000,0.019161761326475,SITAMARHI,2,0.002554278416347,16.4,0.291814946619217,2,0,GEN,200000000,1,0,1,0,0,0,0,BIHAR,0
15,0.727272727272727,800000,0.000141415212742,SIWAN,0,0,12.9,0.229537366548043,0,0,GEN,0,1,0,0,0,1,0,0,BIHAR,1
8,0.090909090909091,0,0,SUPAUL,1,0.001277139208174,6.1,0.108540925266904,1,0,GEN,0,0,0,0,0,1,1,0,BIHAR,0
8,0.090909090909091,0,0,UJIARPUR,0,0,7,0.124555160142349,7,0,GEN,0,1,0,0,0,1,0,0,BIHAR,1
8,0.090909090909091,107400000,0.018984992310548,VAISHALI,6,0.007662835249042,10.7,0.190391459074733,9,0,GEN,2460000000,1,0,1,0,0,0,0,BIHAR,0
8,0.090909090909091,0,0,VALMIKI NAGAR,0,0,13.1,0.233096085409253,0,0,GEN,0,1,0,0,0,1,0,0,BIHAR,1
18,1,167300000,0.029573456364569,CHANDIGARH,1,0.001277139208174,15.4,0.274021352313167,83,2,GEN,510000000,1,0,0,0,1,0,0,CHANDIGARH,0
10,0.272727272727273,64200000,0.011348570822506,BASTAR,4,0.005108556832695,16.2,0.288256227758007,0,0,ST,360000000,1,0,1,0,0,0,0,CHHATTISGARH,1
17,0.909090909090909,122900000,0.021724912057415,BILASPUR,7,0.008939974457216,16.2,0.288256227758007,30,1,GEN,11290000000,1,0,0,0,1,0,0,CHHATTISGARH,1
14,0.636363636363636,133300000,0.023563309823054,DURG,26,0.033205619412516,1.3,0.023131672597865,26,1,GEN,5740000000,0,0,0,0,1,1,0,CHHATTISGARH,0
11,0.363636363636364,111200000,0.01965671457107,JANJGIR-CHAMPA,2,0.002554278416347,16.3,0.290035587188612,39,0,SC,10860000000,1,0,0,0,1,0,0,CHHATTISGARH,1
11,0.363636363636364,95300000,0.016846087217833,KANKER,0,0,3.5,0.062277580071174,26,1,ST,8070000000,1,0,1,0,0,0,0,CHHATTISGARH,1
13,0.545454545454545,1543200000,0.272789945378374,KORBA,11,0.014048531289911,0.4,0.00711743772242,41,2,GEN,23120000000,1,0,1,0,0,0,0,CHHATTISGARH,1
11,0.363636363636364,110100000,0.01946226865355,MAHASAMUND,0,0,0.1,0.001779359430605,36,0,GEN,11010000000,1,0,1,0,0,0,0,CHHATTISGARH,1
13,0.545454545454545,259000000,0.045783175125064,RAIGARH,32,0.040868454661558,17.4,0.309608540925267,33,1,ST,170000000,1,1,0,0,1,0,0,CHHATTISGARH,1
12,0.454545454545455,657200000,0.116172597267151,RAIPUR,35,0.044699872286079,13.7,0.243772241992882,37,0,GEN,10860000000,1,0,0,0,1,0,0,CHHATTISGARH,1
10,0.272727272727273,43300000,0.007654098389634,RAJNANDGAON,7,0.008939974457216,20,0.355871886120996,7,0,GEN,1510000000,1,0,1,0,0,0,0,CHHATTISGARH,1
8,0.090909090909091,64500000,0.011401601527284,SURGUJA,0,0,12.4,0.220640569395018,4,0,ST,650000000,1,0,0,0,1,0,0,CHHATTISGARH,1
17,0.909090909090909,0,0,DADRA & NAGAR HAVELI,465,0.593869731800766,3.8,0.067615658362989,449,0,GEN,0,1,0,0,0,1,0,0,DADRA AND NAGAR HAVELI,0
18,1,11600000,0.002050520584752,DAMAN & DIU,113,0.144316730523627,10.6,0.188612099644128,112,0,GEN,0,1,0,0,0,1,0,0,DAMAN AND DIU,0
18,1,4308800000,0.5,DELHI,170,0.18,18,0.35,129,0,GEN,97000000000,1,0,0,0,1,0,0,DELHI,0
18,1,47900000,0.008467235862898,NORTH GOA,91,0.116219667943806,26,0.462633451957295,80,1,GEN,710000000,1,1,0,1,1,0,0,GOA,1
18,1,38300000,0.00677025331,SOUTH GOA,73,0.09323116219668,7.9,0.140569395017794,118,1,GEN,1340000000,1,0,0,0,1,0,0,GOA,1
18,1,4067400000,0.6,AHMEDABAD,362,0.4,33.2,0.59,801,70,GEN,88400000000,1,0,0,0,1,0,0,GUJARAT,1
16,0.818181818181818,31200000,0.005515193296919,AMRELI,12,0.015325670498084,19.3,0.343416370106762,34,2,GEN,2990000000,1,0,0,0,1,0,0,GUJARAT,1
15,0.727272727272727,96400000,0.017040533135352,ANAND,23,0.029374201787995,6.5,0.115658362989324,23,4,GEN,3070000000,1,0,0,1,1,0,1,GUJARAT,1
14,0.636363636363636,10000000,0.001767690159269,BANASKANTHA,0,0,22.8,0.405693950177936,2,0,GEN,1000000000,1,1,0,1,1,0,0,GUJARAT,1
18,1,227600000,0.04023262802496,BARDOLI,2,0.002554278416347,10.3,0.183274021352313,340,6,ST,22600000000,1,0,0,0,1,0,0,GUJARAT,1
15,0.727272727272727,436600000,0.07717735235368,BHARUCH,0,0,14.5,0.258007117437722,860,18,GEN,19830000000,1,1,1,0,0,0,0,GUJARAT,1
17,0.909090909090909,89700000,0.015856180728642,BHAVNAGAR,28,0.035759897828863,32.2,0.572953736654804,29,1,GEN,2070000000,1,0,0,0,1,0,0,GUJARAT,1
15,0.727272727272727,362400000,0.064061091371904,CHHOTA UDAIPUR,0,0,16.3,0.290035587188612,411,10,ST,9280000000,1,0,1,0,0,0,0,GUJARAT,1
10,0.272727272727273,78200000,0.013823337045483,DAHOD,0,0,25.6,0.455516014234875,39,1,ST,30000000,1,0,0,0,1,0,0,GUJARAT,1
18,1,971400000,0.171713422071379,GANDHINAGAR,96,0.122605363984674,42.5,0.756227758007117,444,36,GEN,90030000000,1,0,0,0,1,0,0,GUJARAT,1
17,0.909090909090909,74700000,0.013204645489739,JAMNAGAR,76,0.097062579821201,20.6,0.366548042704626,69,0,GEN,1550000000,1,0,0,0,1,0,0,GUJARAT,1
15,0.727272727272727,8400000,0.001484859733786,JUNAGADH,11,0.014048531289911,14.4,0.256227758007117,5,0,GEN,40000000,1,0,0,0,1,0,0,GUJARAT,1
17,0.909090909090909,242000000,0.042778101854307,KACHCHH,179,0.228607918263091,26.9,0.47864768683274,194,6,SC,10690000000,1,0,0,0,1,0,0,GUJARAT,1
16,0.818181818181818,912100000,0.161231019426915,KHEDA,1,0.001277139208174,24.4,0.434163701067616,372,35,GEN,89080000000,1,0,0,1,1,0,1,GUJARAT,1
17,0.909090909090909,63100000,0.011154124904987,MAHESANA,22,0.028097062579821,20.8,0.370106761565836,109,4,GEN,3740000000,1,0,0,0,1,0,0,GUJARAT,1
18,1,242100000,0.0427957787559,NAVSARI,1,0.001277139208174,48.1,0.855871886120996,339,6,GEN,22120000000,1,0,0,0,1,0,0,GUJARAT,1
12,0.454545454545455,18200000,0.003217196089869,PANCHMAHAL,39,0.049808429118774,18.3,0.325622775800712,54,2,GEN,710000000,1,0,0,1,1,0,1,GUJARAT,1
16,0.818181818181818,83900000,0.014830920436266,PATAN,82,0.104725415070243,14.5,0.258007117437722,106,3,GEN,8390000000,1,0,0,0,1,0,0,GUJARAT,1
17,0.909090909090909,90400000,0.015979919039791,PORBANDAR,7,0.008939974457216,33.1,0.588967971530249,31,2,GEN,7260000000,1,0,0,0,1,0,0,GUJARAT,1
16,0.818181818181818,266600000,0.047126619646109,RAJKOT,20,0.025542784163474,23.3,0.414590747330961,20,0,GEN,8570000000,1,1,1,1,0,0,0,GUJARAT,1
13,0.545454545454545,75300000,0.013310706899295,SABARKANTHA,3,0.003831417624521,7.7,0.137010676156584,3,0,GEN,210000000,1,0,0,0,1,0,0,GUJARAT,1
18,1,585200000,0.103445228120415,SURAT,338,0.431673052362708,56.2,1,338,6,GEN,21930000000,1,0,0,0,1,0,0,GUJARAT,1
14,0.636363636363636,96500000,0.017058210036945,SURENDRANAGAR,7,0.008939974457216,21.5,0.382562277580071,6,0,GEN,2950000000,1,0,0,0,1,0,0,GUJARAT,1
18,1,705000000,0.124622156228456,VADODARA,368,0.469987228607918,49.1,0.873665480427046,372,9,GEN,9190000000,1,0,0,0,1,0,0,GUJARAT,1
16,0.818181818181818,229100000,0.04049778154885,VALSAD,140,0.178799489144317,18.5,0.329181494661922,127,3,ST,6150000000,1,0,0,0,1,0,0,GUJARAT,1
18,1,97600000,0.017252655954464,AMBALA,44,0.056194125159642,27.9,0.49644128113879,36,0,SC,2030000000,1,0,0,0,1,0,0,HARYANA,1
16,0.818181818181818,66000000,0.011666755051175,BHIWANI-MAHENDRAGARH,3,0.003831417624521,12.6,0.224199288256228,3,1,GEN,1600000000,1,0,0,0,1,0,0,HARYANA,1
18,1,280400000,0.0495660320659,FARIDABAD,289,0.369093231162197,41.3,0.734875444839858,254,10,GEN,5650000000,1,1,0,0,1,0,0,HARYANA,1
18,1,1895600000,0.335083346591009,GURGAON,234,0.298850574712644,20.8,0.370106761565836,219,26,GEN,55580000000,1,1,1,1,0,0,0,HARYANA,1
15,0.727272727272727,513100000,0.090700182072086,HISAR,6,0.007662835249042,2.8,0.04982206405694,9,1,GEN,2670000000,0,0,0,0,1,1,0,HARYANA,0
16,0.818181818181818,96900000,0.017128917643316,KARNAL,12,0.015325670498084,30.2,0.537366548042705,12,0,GEN,1400000000,1,0,0,0,1,0,0,HARYANA,1
17,0.909090909090909,15800000,0.002792950451645,KURUKSHETRA,0,0,11.4,0.202846975088968,2,0,GEN,830000000,1,0,0,0,1,0,0,HARYANA,1
18,1,216400000,0.038252815046579,ROHTAK,27,0.03448275862069,16.3,0.290035587188612,72,4,GEN,7970000000,0,0,0,0,1,1,1,HARYANA,0
15,0.727272727272727,7200000,0.001272736914674,SIRSA,0,0,9,0.160142348754448,0,0,SC,410000000,0,0,0,0,1,1,0,HARYANA,0
16,0.818181818181818,112400000,0.019868837390182,SONIPAT,16,0.020434227330779,7.9,0.140569395017794,15,0,GEN,10360000000,1,0,0,0,1,0,0,HARYANA,1
14,0.636363636363636,15900000,0.002810627353238,HAMIRPUR,7,0.008939974457216,11.8,0.209964412811388,287,1,GEN,680000000,1,0,0,1,1,0,1,HIMACHAL PRADESH,0
16,0.818181818181818,15300000,0.002704565943681,KANGRA,248,0.316730523627075,21.3,0.379003558718861,247,0,GEN,170000000,1,0,1,0,0,0,0,HIMACHAL PRADESH,0
17,0.909090909090909,13100000,0.002315674108642,MANDI,6,0.007662835249042,5.5,0.097864768683274,19,0,GEN,390000000,1,0,1,0,0,0,0,HIMACHAL PRADESH,0
18,1,373200000,0.065970196743915,SHIMLA,170,0.217113665389527,11.4,0.202846975088968,186,1,SC,2580000000,1,0,0,0,1,0,0,HIMACHAL PRADESH,0
13,0.545454545454545,26400000,0.00466670202047,ANANTNAG,0,0,17.4,0.309608540925267,0,0,GEN,1030000000,0,0,0,0,1,1,0,JAMMU AND KASHMIR,0
12,0.454545454545455,9300000,0.00164395184812,BARAMULLA,1,0.001277139208174,6.3,0.112099644128114,0,0,GEN,0,0,0,1,0,0,1,0,JAMMU AND KASHMIR,0
14,0.636363636363636,56100000,0.009916741793498,JAMMU,33,0.042145593869732,20.5,0.364768683274021,33,1,GEN,2970000000,1,0,0,0,1,0,0,JAMMU AND KASHMIR,0
16,0.818181818181818,10800000,0.00190910537201,LADAKH,17,0.021711366538953,0,0,0,0,GEN,230000000,1,0,0,0,1,0,0,JAMMU AND KASHMIR,0
16,0.818181818181818,680500000,0.120291315338248,SRINAGAR,0,0,13.5,0.240213523131673,0,0,GEN,16420000000,0,0,0,0,1,1,0,JAMMU AND KASHMIR,0
13,0.545454545454545,13300000,0.002351027911828,UDHAMPUR,5,0.006385696040868,5.9,0.104982206405694,3,1,GEN,70000000,1,1,0,1,1,0,0,JAMMU AND KASHMIR,0
7,0,0,0,CHATRA,4,0.005108556832695,25,0.444839857651246,5,0,GEN,0,1,0,1,0,0,0,0,JHARKHAND,1
13,0.545454545454545,146500000,0.025896660833289,DHANBAD,32,0.040868454661558,25.6,0.455516014234875,35,0,GEN,2280000000,1,0,1,0,0,0,0,JHARKHAND,1
8,0.090909090909091,3700000,0.000654045358929,DUMKA,0,0,4.3,0.076512455516014,2,0,ST,0,0,0,1,0,0,1,0,JHARKHAND,0
11,0.363636363636364,73700000,0.013027876473812,GIRIDIH,6,0.007662835249042,4.2,0.074733096085409,35,0,GEN,2280000000,1,0,1,0,0,0,0,JHARKHAND,1
8,0.090909090909091,14200000,0.002510120026162,GODDA,4,0.005108556832695,5.8,0.103202846975089,4,0,GEN,0,1,0,1,0,0,0,0,JHARKHAND,1
11,0.363636363636364,27300000,0.004825794134804,HAZARIBAGH,13,0.016602809706258,16.5,0.293594306049822,12,0,GEN,800000000,1,1,1,1,0,0,0,JHARKHAND,1
17,0.909090909090909,0,0,JAMSHEDPUR,40,0.051085568326948,9.5,0.169039145907473,33,,GEN,0,1,0,1,0,0,0,0,JHARKHAND,1
9,0.181818181818182,16700000,0.002952042565979,KHUNTI,1,0.001277139208174,12.5,0.222419928825623,66,0,ST,1080000000,1,0,1,0,0,0,0,JHARKHAND,1
9,0.181818181818182,8100000,0.001431829029008,KODARMA,0,0,9.6,0.170818505338078,4,0,GEN,800000000,1,0,1,0,0,0,0,JHARKHAND,1
7,0,8500000,0.001502536635379,LOHARDAGA,1,0.001277139208174,1,0.01779359430605,48,0,ST,830000000,1,1,1,1,0,0,0,JHARKHAND,1
7,0,0,0,PALAMAU,1,0.001277139208174,27,0.480427046263345,1,0,SC,0,1,0,1,0,0,0,0,JHARKHAND,1
10,0.272727272727273,100000,1.76769015926888E-05,RAJMAHAL,0,0,4.3,0.076512455516014,0,0,ST,0,0,0,1,0,0,1,0,JHARKHAND,0
11,0.363636363636364,219500000,0.038800798995952,RANCHI,47,0.060025542784164,19,0.338078291814947,65,0,GEN,830000000,1,0,1,0,0,0,0,JHARKHAND,1
11,0.363636363636364,39400000,0.006964699227519,SINGHBHUM,51,0.065134099616858,11,0.195729537366548,18,0,ST,0,1,0,1,0,0,0,0,JHARKHAND,1
14,0.636363636363636,16600000,0.002934365664386,BAGALKOT,0,0,10.8,0.192170818505338,5,0,GEN,490000000,1,0,1,0,0,0,0,KARNATAKA,0
18,1,6732700000,0.8,BANGALORE,513,0.4,20.5,0.36,1400,46,GEN,224440000000,1,1,0,1,1,0,1,KARNATAKA,0
15,0.727272727272727,40700000,0.007194498948224,BELGAUM,36,0.045977011494253,7,0.124555160142349,33,1,GEN,380000000,1,0,0,0,1,0,0,KARNATAKA,0
14,0.636363636363636,168900000,0.029856286790052,BELLARY,23,0.029374201787995,8.1,0.144128113879004,20,2,ST,2010000000,1,0,0,0,1,0,0,KARNATAKA,0
14,0.636363636363636,24600000,0.004348517791801,BIDAR,2,0.002554278416347,9.6,0.170818505338078,15,1,GEN,1550000000,1,0,1,0,0,0,0,KARNATAKA,0
13,0.545454545454545,54700000,0.009669265171201,BIJAPUR,7,0.008939974457216,7.2,0.128113879003559,0,0,SC,1650000000,1,0,0,0,1,0,0,KARNATAKA,0
15,0.727272727272727,12100000,0.002138905092715,CHAMARAJANAGAR,0,0,12.5,0.222419928825623,86,0,SC,810000000,0,0,0,0,1,0,0,KARNATAKA,1
16,0.818181818181818,477500000,0.084407205105089,CHIKKBALLAPUR,2,0.002554278416347,0.8,0.01423487544484,142,9,GEN,47750000000,0,0,0,0,1,0,0,KARNATAKA,1
15,0.727272727272727,3800000,0.000671722260522,CHIKKODI,2,0.002554278416347,0.3,0.005338078291815,33,1,GEN,380000000,0,0,0,0,1,0,0,KARNATAKA,1
14,0.636363636363636,105400000,0.018631454278694,CHITRADURGA,42,0.053639846743295,9.2,0.163701067615658,50,4,SC,2110000000,0,0,0,0,1,0,0,KARNATAKA,1
16,0.818181818181818,14000000,0.002474766222976,DAKSHINA KANNADA,11,0.014048531289911,11.9,0.211743772241993,4,0,GEN,340000000,1,0,0,0,1,0,0,KARNATAKA,0
14,0.636363636363636,0,0,DAVANAGERE,2,0.002554278416347,1.6,0.02846975088968,2,0,GEN,0,1,1,0,0,1,0,0,KARNATAKA,0
16,0.818181818181818,82300000,0.014548090010783,DHARWAD,25,0.031928480204342,10.9,0.193950177935943,25,2,GEN,540000000,1,0,0,0,1,0,0,KARNATAKA,0
14,0.636363636363636,19500000,0.003446995810574,GULBARGA,14,0.017879948914432,7.5,0.133451957295374,23,0,SC,1550000000,0,0,1,0,0,0,0,KARNATAKA,1
15,0.727272727272727,29200000,0.005161655265065,HASSAN,17,0.021711366538953,8.8,0.156583629893238,22,1,GEN,300000000,0,0,0,0,1,1,0,KARNATAKA,0
14,0.636363636363636,36200000,0.006399038376553,HAVERI,7,0.008939974457216,7.8,0.138790035587189,7,1,GEN,0,1,0,1,0,0,0,0,KARNATAKA,0
16,0.818181818181818,146500000,0.025896660833289,KOLAR,10,0.012771392081737,4.2,0.074733096085409,29,1,SC,640000000,0,0,0,0,1,0,0,KARNATAKA,1
13,0.545454545454545,48800000,0.008626327977232,KOPPAL,9,0.011494252873563,3.2,0.05693950177936,35,3,GEN,4100000000,1,0,0,0,1,0,0,KARNATAKA,0
16,0.818181818181818,10500000,0.001856074667232,MANDYA,3,0.003831417624521,0.5,0.008896797153025,89,0,GEN,830000000,0,0,0,0,1,1,0,KARNATAKA,0
17,0.909090909090909,102800000,0.018171854837284,MYSORE,89,0.113665389527458,2.7,0.048042704626335,87,0,GEN,820000000,1,0,0,0,1,0,0,KARNATAKA,0
14,0.636363636363636,53700000,0.009492496155274,RAICHUR,6,0.007662835249042,0.2,0.00355871886121,29,0,ST,3280000000,0,0,1,0,0,0,0,KARNATAKA,1
17,0.909090909090909,59500000,0.01051775644765,SHIMOGA,4,0.005108556832695,32.2,0.572953736654804,14,1,GEN,3100000000,1,0,0,0,1,0,0,KARNATAKA,0
14,0.636363636363636,33200000,0.005868731328773,TUMKUR,11,0.014048531289911,6.7,0.119217081850534,8,2,GEN,2100000000,0,0,0,0,1,0,0,KARNATAKA,1
17,0.909090909090909,752700000,0.133054038288169,UDUPI CHIKMAGALUR,13,0.016602809706258,17.6,0.313167259786477,13,1,GEN,2550000000,1,0,0,0,1,0,0,KARNATAKA,0
15,0.727272727272727,25500000,0.004507609906136,UTTARA KANNADA,4,0.005108556832695,14.1,0.250889679715302,37,1,GEN,640000000,1,0,0,0,1,0,0,KARNATAKA,0
15,0.727272727272727,42100000,0.007441975570522,ALAPPUZHA,10,0.012771392081737,1.9,0.033807829181495,10,1,GEN,3480000000,0,0,0,0,1,0,0,KERALA,1
16,0.818181818181818,68600000,0.012126354492585,ALATHUR,0,0,4,0.071174377224199,20,2,SC,6860000000,0,0,0,0,1,1,0,KERALA,0
16,0.818181818181818,26400000,0.00466670202047,ATTINGAL,0,0,8.1,0.144128113879004,5,2,GEN,2640000000,0,0,0,0,1,1,0,KERALA,0
16,0.818181818181818,254500000,0.044987714553393,CHALAKUDY,83,0.106002554278416,1.6,0.02846975088968,29,9,GEN,25450000000,0,0,0,0,1,1,0,KERALA,0
16,0.818181818181818,595600000,0.105283625886055,ERNAKULAM,33,0.042145593869732,10.2,0.181494661921708,24,7,GEN,19990000000,0,0,0,0,1,0,0,KERALA,1
16,0.818181818181818,209500000,0.037033108836683,IDUKKI,3,0.003831417624521,6.2,0.110320284697509,24,7,GEN,20040000000,0,0,0,0,1,1,0,KERALA,0
16,0.818181818181818,3700000,0.000654045358929,KANNUR,1,0.001277139208174,0.7,0.012455516014235,1,0,GEN,220000000,0,0,0,0,1,1,0,KERALA,0
16,0.818181818181818,2200000,0.000388891835039,KASARAGOD,0,0,0.7,0.012455516014235,1,0,GEN,220000000,0,0,0,0,1,1,0,KERALA,0
14,0.636363636363636,7600000,0.001343444521044,KOLLAM,0,0,4.3,0.076512455516014,0,0,GEN,150000000,0,0,0,0,1,1,0,KERALA,0
16,0.818181818181818,238400000,0.04214173339697,KOTTAYAM,5,0.006385696040868,14.5,0.258007117437722,29,8,GEN,21410000000,0,0,0,0,1,1,0,KERALA,0
16,0.818181818181818,31800000,0.005621254706475,KOZHIKODE,0,0,1.8,0.03202846975089,0,0,GEN,340000000,0,0,0,0,1,0,0,KERALA,1
16,0.818181818181818,5100000,0.000901521981227,MALAPPURAM,0,0,22.8,0.405693950177936,0,0,GEN,0,0,0,0,0,1,1,0,KERALA,0
15,0.727272727272727,49000000,0.008661681780418,MAVELIKKARA,0,0,3.7,0.065836298932384,15,2,SC,4900000000,0,0,0,0,1,0,0,KERALA,1
16,0.818181818181818,23900000,0.004224779480653,PALAKKAD,15,0.019157088122605,11.6,0.206405693950178,15,0,GEN,1400000000,0,0,0,0,1,1,0,KERALA,0
16,0.818181818181818,20800000,0.003676795531279,PATHANAMTHITTA,2,0.002554278416347,6.5,0.115658362989324,10,2,GEN,1820000000,0,0,0,0,1,0,0,KERALA,1
16,0.818181818181818,14000000,0.002474766222976,PONNANI,0,0,2.9,0.051601423487545,15,0,GEN,1400000000,0,0,0,0,1,1,0,KERALA,0
16,0.818181818181818,190100000,0.033603789927702,THIRUVANANTHAPURAM,5,0.006385696040868,1.8,0.03202846975089,5,2,GEN,2640000000,0,0,0,0,1,0,0,KERALA,1
16,0.818181818181818,366800000,0.064838875041983,THRISSUR,5,0.006385696040868,4.2,0.074733096085409,5,2,GEN,5460000000,0,0,0,0,1,1,0,KERALA,0
16,0.818181818181818,5600000,0.000989906489191,VADAKARA,0,0,0.3,0.005338078291815,1,0,GEN,560000000,0,0,0,0,1,0,0,KERALA,1
16,0.818181818181818,15900000,0.002810627353238,WAYANAD,4,0.005108556832695,2.3,0.040925266903915,0,0,GEN,950000000,0,0,1,0,0,0,0,KERALA,1
16,0.818181818181818,3000000,0.000530307047781,LAKSHADWEEP,0,0,3.6,0.064056939501779,0,0,ST,0,0,0,0,0,1,1,0,LAKSHADWEEP,0
10,0.272727272727273,79900000,0.014123844372558,BALAGHAT,5,0.006385696040868,8.6,0.153024911032028,5,0,GEN,2780000000,1,0,0,0,1,0,0,MADHYA PRADESH,1
11,0.363636363636364,74500000,0.013169291686553,BETUL,2,0.002554278416347,31.4,0.558718861209964,1,0,ST,4090000000,1,0,1,0,0,0,0,MADHYA PRADESH,1
11,0.363636363636364,100800000,0.01781831680543,BHIND,14,0.017879948914432,21.9,0.389679715302491,12,0,SC,9810000000,1,0,0,0,1,0,0,MADHYA PRADESH,1
14,0.636363636363636,394600000,0.06975305368475,BHOPAL,32,0.040868454661558,32.8,0.583629893238434,96,5,GEN,8820000000,1,0,0,0,1,0,1,MADHYA PRADESH,1
11,0.363636363636364,12300000,0.002174258895901,CHHINDWARA,29,0.037037037037037,10.5,0.186832740213523,12,0,GEN,160000000,0,0,0,0,1,1,1,MADHYA PRADESH,0
11,0.363636363636364,21200000,0.00374750313765,DAMOH,0,0,23.4,0.416370106761566,1,0,GEN,750000000,1,0,1,0,0,0,0,MADHYA PRADESH,1
12,0.454545454545455,141800000,0.025065846458433,DEWAS,23,0.029374201787995,22.8,0.405693950177936,90,4,SC,7480000000,1,0,0,0,1,0,0,MADHYA PRADESH,1
14,0.636363636363636,65700000,0.011613724346397,DHAR,45,0.057471264367816,9.7,0.172597864768683,72,6,ST,3940000000,1,0,0,0,1,0,0,MADHYA PRADESH,1
10,0.272727272727273,1900000,0.000335861130261,GUNA,2,0.002554278416347,12.4,0.220640569395018,2,0,GEN,0,0,0,1,0,0,1,0,MADHYA PRADESH,0
13,0.545454545454545,23400000,0.004136394972689,GWALIOR,2,0.002554278416347,3,0.05338078291815,2,0,GEN,100000000,1,1,0,0,1,0,0,MADHYA PRADESH,1
12,0.454545454545455,41400000,0.007318237259373,HOSHANGABAD,9,0.011494252873563,37.8,0.672597864768683,48,1,GEN,1690000000,1,0,0,0,1,0,0,MADHYA PRADESH,1
18,1,169600000,0.0299800251012,INDORE,50,0.063856960408685,35.5,0.631672597864769,50,6,GEN,3800000000,1,0,0,0,1,0,0,MADHYA PRADESH,1
18,1,96500000,0.017058210036945,JABALPUR,7,0.008939974457216,20.8,0.370106761565836,7,1,GEN,530000000,1,0,0,0,1,0,0,MADHYA PRADESH,1
10,0.272727272727273,41500000,0.007335914160966,KHAJURAHO,7,0.008939974457216,28.3,0.50355871886121,7,0,GEN,520000000,1,0,1,0,0,0,0,MADHYA PRADESH,1
12,0.454545454545455,121800000,0.021530466139895,KHANDWA,0,0,20.7,0.368327402135231,24,4,GEN,4120000000,1,0,1,0,0,0,0,MADHYA PRADESH,1
9,0.181818181818182,10800000,0.00190910537201,KHARGONE,11,0.014048531289911,22.4,0.398576512455516,9,1,ST,540000000,1,0,1,0,0,0,0,MADHYA PRADESH,1
9,0.181818181818182,11600000,0.002050520584752,MANDLA,6,0.007662835249042,9.1,0.161921708185053,9,0,ST,1050000000,1,0,0,0,1,0,0,MADHYA PRADESH,1
11,0.363636363636364,7900000,0.001396475225822,MANDSOUR,3,0.003831417624521,26.1,0.4644128113879,11,0,GEN,400000000,1,0,0,0,1,0,0,MADHYA PRADESH,1
8,0.090909090909091,14600000,0.002580827632533,MORENA,8,0.01021711366539,15.6,0.277580071174377,8,0,GEN,440000000,1,0,0,0,1,0,0,MADHYA PRADESH,1
10,0.272727272727273,3400000,0.000601014654151,RAJGARH,2,0.002554278416347,22.6,0.402135231316726,12,0,GEN,340000000,1,0,1,0,0,0,0,MADHYA PRADESH,1
10,0.272727272727273,45500000,0.008042990224673,RATLAM,8,0.01021711366539,10,0.177935943060498,8,0,ST,0,1,0,0,0,1,0,0,MADHYA PRADESH,1
12,0.454545454545455,18400000,0.003252549893055,REWA,49,0.062579821200511,20.3,0.361209964412811,3,1,GEN,200000000,1,0,0,0,1,0,0,MADHYA PRADESH,1
11,0.363636363636364,7700000,0.001361121422637,SAGAR,0,0,13.5,0.240213523131673,0,0,GEN,680000000,1,0,1,0,0,0,0,MADHYA PRADESH,1
12,0.454545454545455,57000000,0.010075833907833,SATNA,10,0.012771392081737,1,0.01779359430605,10,0,GEN,560000000,1,0,0,0,1,0,0,MADHYA PRADESH,1
11,0.363636363636364,14300000,0.002527796927755,SHAHDOL,289,0.369093231162197,24.9,0.443060498220641,277,2,ST,570000000,1,0,0,0,1,0,0,MADHYA PRADESH,1
9,0.181818181818182,529700000,0.093634547736473,SIDHI,21,0.026819923371648,10.9,0.193950177935943,290,3,GEN,50070000000,1,0,1,0,0,0,0,MADHYA PRADESH,1
10,0.272727272727273,3800000,0.000671722260522,TIKAMGARH,0,0,27.2,0.483985765124555,1,0,SC,0,1,0,1,0,0,0,0,MADHYA PRADESH,1
13,0.545454545454545,74300000,0.013133937883368,UJJAIN,10,0.012771392081737,30.5,0.542704626334519,18,1,SC,990000000,1,0,0,0,1,0,1,MADHYA PRADESH,1
12,0.454545454545455,110600000,0.019550653161514,VIDISHA,100,0.127713920817369,38.3,0.681494661921708,111,5,GEN,8580000000,1,1,1,1,0,0,0,MADHYA PRADESH,1
13,0.545454545454545,110500000,0.019532976259921,AHMEDNAGAR,21,0.026819923371648,19.7,0.350533807829181,36,0,GEN,1370000000,1,0,0,0,1,0,0,MAHARASHTRA,1
12,0.454545454545455,38500000,0.006805607113185,AKOLA,5,0.006385696040868,20.8,0.370106761565836,6,0,GEN,80000000,1,0,0,0,1,0,0,MAHARASHTRA,1
17,0.909090909090909,47900000,0.008467235862898,AMRAVATI,7,0.008939974457216,13.7,0.243772241992882,7,0,SC,1300000000,1,0,0,0,1,0,0,MAHARASHTRA,1
18,1,1552600000,0.274451574128087,AURANGABAD,125,0.159642401021711,16.5,0.293594306049822,249,10,GEN,24350000000,1,0,0,0,1,0,0,MAHARASHTRA,1
18,1,1762900000,0.311626098177511,BARAMATI,1,0.001277139208174,6.5,0.115658362989324,779,49,GEN,176290000000,0,0,0,0,1,1,0,MAHARASHTRA,0
13,0.545454545454545,25900000,0.004578317512506,BEED,6,0.007662835249042,11.1,0.197508896797153,5,0,GEN,0,1,0,0,0,1,0,0,MAHARASHTRA,1
13,0.545454545454545,130700000,0.023103710381644,BHANDARA-GONDIYA,13,0.016602809706258,12.5,0.222419928825623,11,1,GEN,530000000,1,0,0,0,1,0,0,MAHARASHTRA,1
17,0.909090909090909,186900000,0.033038129076736,BHIWANDI,24,0.030651340996169,12.5,0.222419928825623,335,14,GEN,18690000000,1,0,0,0,1,0,0,MAHARASHTRA,1
12,0.454545454545455,14900000,0.002633858337311,BULDHANA,2,0.002554278416347,16.3,0.290035587188612,2,0,GEN,400000000,1,0,0,0,1,0,0,MAHARASHTRA,1
13,0.545454545454545,267900000,0.047356419366813,CHANDRAPUR,21,0.026819923371648,21.3,0.379003558718861,18,2,GEN,1690000000,1,1,0,1,1,0,0,MAHARASHTRA,1
15,0.727272727272727,177200000,0.031323469622245,DHULE,15,0.019157088122605,13.3,0.236654804270463,220,8,GEN,12500000000,1,0,0,0,1,0,0,MAHARASHTRA,1
18,1,114700000,0.020275406126814,DINDORI,0,0,25.5,0.453736654804271,205,8,ST,11470000000,1,0,0,0,1,0,0,MAHARASHTRA,1
13,0.545454545454545,52900000,0.009351080942532,GADCHIROLI-CHIMUR,5,0.006385696040868,23.1,0.411032028469751,23,3,ST,2070000000,1,0,1,0,0,0,0,MAHARASHTRA,1
17,0.909090909090909,32200000,0.005691962312846,HATKANANGLE,2,0.002554278416347,15,0.266903914590747,64,1,GEN,3220000000,1,0,0,0,1,0,0,MAHARASHTRA,0
13,0.545454545454545,10900000,0.001926782273603,HINGOLI,0,0,0.2,0.00355871886121,8,0,GEN,1040000000,0,0,1,0,0,1,0,MAHARASHTRA,0
14,0.636363636363636,140700000,0.024871400540913,JALGAON,35,0.044699872286079,38.7,0.688612099644128,50,0,GEN,1030000000,1,0,1,0,0,0,0,MAHARASHTRA,1
14,0.636363636363636,533200000,0.094253239292217,JALNA,5,0.006385696040868,19.4,0.345195729537366,246,10,GEN,50720000000,1,0,0,0,1,0,0,MAHARASHTRA,1
17,0.909090909090909,186900000,0.033038129076736,KALYAN,45,0.057471264367816,30.4,0.540925266903914,335,14,GEN,18690000000,1,0,0,0,1,0,0,MAHARASHTRA,1
18,1,159000000,0.028106273532375,KOLHAPUR,55,0.070242656449553,2.6,0.04626334519573,54,1,GEN,1910000000,0,0,0,0,1,1,0,MAHARASHTRA,0
14,0.636363636363636,84200000,0.014883951141044,LATUR,1,0.001277139208174,24,0.427046263345196,9,0,SC,3040000000,1,0,1,0,0,0,0,MAHARASHTRA,1
16,0.818181818181818,27100000,0.004790440331619,MADHA,0,0,2.3,0.040925266903915,94,4,GEN,2710000000,0,0,0,0,1,1,0,MAHARASHTRA,0
14,0.636363636363636,1774700000,0.313711972565449,MAVAL,6,0.007662835249042,13.4,0.238434163701068,1411,56,GEN,177470000000,1,0,0,0,1,0,0,MAHARASHTRA,1
18,1,1003500000,0.177387707482632,MUMBAI NORTH,60,0.076628352490422,47.2,0.839857651245552,166,40,GEN,330000000,1,0,0,0,1,0,0,MAHARASHTRA,1
18,1,1003300000,0.177352353679447,MUMBAI NORTH CENTRAL,60,0.076628352490422,22.1,0.393238434163701,166,40,GEN,330000000,1,0,0,0,1,0,0,MAHARASHTRA,1
18,1,1003300000,0.177352353679447,MUMBAI NORTH EAST,61,0.077905491698595,36.8,0.654804270462633,166,40,GEN,330000000,1,0,0,0,1,0,0,MAHARASHTRA,1
18,1,1003300000,0.177352353679447,MUMBAI NORTH WEST,61,0.077905491698595,20.4,0.362989323843416,166,40,GEN,330000000,1,0,0,0,1,0,0,MAHARASHTRA,1
18,1,1345600000,0.237860387831221,MUMBAI SOUTH,60,0.076628352490422,16.4,0.291814946619217,176,49,GEN,34560000000,1,0,0,1,1,0,1,MAHARASHTRA,1
18,1,1482100000,0.261989358505241,MUMBAI SOUTH CENTRAL,61,0.077905491698595,18,0.320284697508897,176,49,GEN,34560000000,1,0,0,1,1,0,1,MAHARASHTRA,1
18,1,568500000,0.100493185554436,NAGPUR,464,0.592592592592593,26.3,0.46797153024911,459,8,GEN,8260000000,1,1,0,1,1,0,0,MAHARASHTRA,1
15,0.727272727272727,57900000,0.010234926022167,NANDED,8,0.01021711366539,8,0.142348754448399,8,0,GEN,1040000000,0,0,1,0,0,1,0,MAHARASHTRA,0
11,0.363636363636364,140900000,0.024906754344099,NANDURBAR,2,0.002554278416347,9.6,0.170818505338078,16,0,ST,4250000000,1,0,1,0,0,0,0,MAHARASHTRA,1
18,1,735500000,0.130013611214226,NASHIK,209,0.266922094508301,20,0.355871886120996,205,8,GEN,11470000000,1,0,0,0,1,0,0,MAHARASHTRA,1
13,0.545454545454545,62700000,0.011083417298616,OSMANABAD,2,0.002554278416347,21,0.373665480427046,37,2,GEN,3940000000,1,0,0,0,1,0,0,MAHARASHTRA,1
17,0.909090909090909,480200000,0.084884481448092,PALGHAR,49,0.062579821200511,24.1,0.428825622775801,383,16,ST,20330000000,1,0,0,0,1,0,0,MAHARASHTRA,1
12,0.454545454545455,423400000,0.074844001343445,PARBHANI,31,0.039591315453385,10.9,0.193950177935943,28,0,GEN,40440000000,1,0,0,0,1,0,0,MAHARASHTRA,1
18,1,5657100000,1,PUNE,783,1,31.8,0.565836298932384,779,49,GEN,176290000000,1,0,0,0,1,0,0,MAHARASHTRA,1
12,0.454545454545455,1474100000,0.260575206377826,RAIGAD,607,0.77522349936143,0.2,0.00355871886121,661,9,GEN,3550000000,1,1,0,1,1,0,0,MAHARASHTRA,1
18,1,82600000,0.014601120715561,RAMTEK,2,0.002554278416347,16.7,0.297153024911032,459,8,SC,8260000000,1,0,0,0,1,0,0,MAHARASHTRA,1
14,0.636363636363636,118100000,0.020876420780966,RATNAGIRI SINDHUDURG,32,0.040868454661558,16.7,0.297153024911032,32,2,GEN,2370000000,1,0,0,0,1,0,0,MAHARASHTRA,1
14,0.636363636363636,4000000,0.000707076063708,RAVER,0,0,31.5,0.560498220640569,37,0,GEN,400000000,1,0,1,0,0,0,0,MAHARASHTRA,1
16,0.818181818181818,70200000,0.012409184918068,SANGLI,10,0.012771392081737,22.9,0.407473309608541,10,0,GEN,1310000000,1,0,0,0,1,0,0,MAHARASHTRA,1
17,0.909090909090909,137700000,0.024341093493133,SATARA,62,0.079182630906769,37.5,0.667259786476868,60,2,GEN,1750000000,0,0,0,0,1,1,0,MAHARASHTRA,0
14,0.636363636363636,3400000,0.000601014654151,SHIRDI,0,0,21.4,0.380782918149466,21,0,SC,340000000,1,0,0,0,1,0,0,MAHARASHTRA,1
18,1,1768100000,0.312545297060331,SHIRUR,15,0.019157088122605,27.7,0.49288256227758,779,49,GEN,176290000000,1,0,0,0,1,0,0,MAHARASHTRA,1
15,0.727272727272727,65700000,0.011613724346397,SOLAPUR,35,0.044699872286079,15.7,0.279359430604982,34,2,SC,960000000,1,0,0,0,1,0,0,MAHARASHTRA,1
17,0.909090909090909,829300000,0.146594544908169,THANE,387,0.494252873563218,26.7,0.47508896797153,335,14,GEN,18690000000,1,0,0,0,1,0,0,MAHARASHTRA,1
16,0.818181818181818,255700000,0.045199837372505,WARDHA,3,0.003831417624521,21.3,0.379003558718861,7,0,GEN,15050000000,1,0,0,0,1,0,0,MAHARASHTRA,1
11,0.363636363636364,36200000,0.006399038376553,YAVATMAL-WASHIM,15,0.019157088122605,9.1,0.161921708185053,1,0,GEN,20000000,1,0,0,0,1,0,0,MAHARASHTRA,1
14,0.636363636363636,13800000,0.002439412419791,INNER MANIPUR,0,0,14.8,0.263345195729537,0,0,GEN,960000000,0,0,1,0,0,0,0,MANIPUR,1
12,0.454545454545455,12500000,0.002209612699086,OUTER MANIPUR,1,0.001277139208174,2,0.0355871886121,0,0,ST,960000000,0,0,1,0,0,0,0,MANIPUR,1
10,0.272727272727273,47700000,0.008431882059713,SHILLONG,3,0.003831417624521,6.5,0.115658362989324,3,0,ST,1560000000,0,0,1,0,0,0,0,MEGHALAYA,1
10,0.272727272727273,0,0,TURA,0,0,8.7,0.154804270462633,0,0,ST,0,1,0,0,0,1,0,0,MEGHALAYA,0
15,0.727272727272727,9100000,0.001608598044935,MIZORAM,0,0,1.4,0.02491103202847,0,0,ST,830000000,0,0,1,0,0,0,0,MIZORAM,1
13,0.545454545454545,12000000,0.002121228191123,NAGALAND,1,0.001277139208174,38.5,0.685053380782918,1,1,ST,360000000,1,0,1,0,0,0,0,NAGALAND,1
9,0.181818181818182,8800000,0.001555567340157,ASKA,7,0.008939974457216,34.8,0.619217081850534,7,0,GEN,600000000,0,0,0,0,1,0,0,ODISHA,1
10,0.272727272727273,24600000,0.004348517791801,BALASORE,0,0,13.5,0.240213523131673,9,1,GEN,1420000000,0,0,0,0,1,0,0,ODISHA,1
12,0.454545454545455,80000000,0.014141521274151,BARGARH,0,0,1,0.01779359430605,3,0,GEN,1550000000,0,0,0,0,1,0,0,ODISHA,1
8,0.090909090909091,6000000,0.001060614095561,BERHAMPUR,1,0.001277139208174,14.1,0.250889679715302,7,0,GEN,600000000,0,0,1,0,0,0,0,ODISHA,1
11,0.363636363636364,22000000,0.003888918350392,BHADRAK,0,0,16.6,0.295373665480427,6,1,SC,1020000000,0,0,0,0,1,0,0,ODISHA,1
16,0.818181818181818,82100000,0.014512736207598,BHUBANESWAR,39,0.049808429118774,21.2,0.377224199288256,36,0,GEN,850000000,0,0,0,0,1,0,0,ODISHA,1
8,0.090909090909091,0,0,BOLANGIR,0,0,8.9,0.158362989323843,1,0,GEN,0,0,0,1,0,0,0,0,ODISHA,1
12,0.454545454545455,156500000,0.027664350992558,CUTTACK,9,0.011494252873563,31.3,0.556939501779359,5,0,GEN,3400000000,0,0,0,0,1,0,0,ODISHA,1
9,0.181818181818182,337300000,0.05962418907214,DHENKANAL,275,0.351213282247765,13.2,0.234875444839858,296,1,GEN,26500000000,0,0,1,0,0,0,0,ODISHA,1
14,0.636363636363636,30900000,0.005462162592141,JAGATSINGHPUR,2,0.002554278416347,24.4,0.434163701067616,6,0,SC,3090000000,0,0,0,0,1,0,0,ODISHA,1
12,0.454545454545455,19500000,0.003446995810574,JAJPUR,32,0.040868454661558,32.7,0.581850533807829,32,1,SC,0,0,0,0,0,1,0,0,ODISHA,1
7,0,73000000,0.012904138162663,KALAHANDI,1,0.001277139208174,5,0.088967971530249,0,0,GEN,900000000,0,0,1,0,0,0,0,ODISHA,1
8,0.090909090909091,15800000,0.002792950451645,KANDHAMAL,0,0,21.6,0.384341637010676,8,0,GEN,1180000000,0,0,1,0,0,0,0,ODISHA,1
12,0.454545454545455,30600000,0.005409131887363,KENDRAPARA,0,0,18.3,0.325622775800712,4,0,GEN,2820000000,0,0,0,0,1,0,0,ODISHA,1
8,0.090909090909091,4100000,0.0007247529653,KEONJHAR,40,0.051085568326948,14.5,0.258007117437722,41,0,ST,410000000,0,0,0,0,1,0,0,ODISHA,1
8,0.090909090909091,289800000,0.051227660815612,KORAPUT,3,0.003831417624521,2,0.0355871886121,3,0,ST,4880000000,0,0,1,0,0,0,0,ODISHA,1
7,0,9800000,0.001732336356084,MAYURBHANJ,3,0.003831417624521,11.7,0.208185053380783,3,0,ST,410000000,0,0,0,0,1,0,0,ODISHA,1
8,0.090909090909091,48900000,0.008644004878825,NABARANGPUR,1,0.001277139208174,0.2,0.00355871886121,2,0,ST,4880000000,0,0,1,0,0,0,0,ODISHA,1
14,0.636363636363636,46000000,0.008131374732637,PURI,1,0.001277139208174,25.3,0.45017793594306,37,0,GEN,1700000000,0,0,0,0,1,0,0,ODISHA,1
11,0.363636363636364,442800000,0.078273320252426,SAMBALPUR,4,0.005108556832695,3.1,0.055160142348755,31,1,GEN,42040000000,0,0,0,0,1,0,0,ODISHA,1
13,0.545454545454545,0,0,SUNDARGARH,30,0.038314176245211,1.9,0.033807829181495,29,0,ST,0,1,1,0,0,1,0,0,ODISHA,0
18,1,60500000,0.010694525463577,PONDICHERRY,66,0.084291187739464,8.2,0.145907473309609,89,1,GEN,250000000,1,1,0,1,1,0,0,PUDUCHERRY,1
17,0.909090909090909,41800000,0.007388944865744,AMRITSAR,5,0.006385696040868,10.2,0.181494661921708,5,0,GEN,1320000000,0,0,0,0,1,1,0,PUNJAB,0
18,1,43400000,0.007671775291227,ANANDPUR SAHIB,121,0.154533844189017,2.2,0.03914590747331,147,1,GEN,3300000000,1,0,0,0,1,0,0,PUNJAB,1
14,0.636363636363636,37300000,0.006593484294073,BATHINDA,3,0.003831417624521,1.6,0.02846975088968,9,0,GEN,2600000000,1,1,0,0,1,0,0,PUNJAB,1
16,0.818181818181818,7200000,0.001272736914674,FARIDKOT,13,0.016602809706258,16.7,0.297153024911032,22,0,SC,660000000,0,0,1,0,0,1,0,PUNJAB,0
17,0.909090909090909,74700000,0.013204645489739,FATEHGARH SAHIB,0,0,5.3,0.094306049822064,66,9,SC,7470000000,0,0,0,0,1,1,0,PUNJAB,0
14,0.636363636363636,40100000,0.007088437538668,FIROZPUR,15,0.019157088122605,2.8,0.04982206405694,20,0,GEN,450000000,1,0,1,0,0,0,0,PUNJAB,1
17,0.909090909090909,1400000,0.000247476622298,GURDASPUR,23,0.029374201787995,13,0.231316725978648,23,0,GEN,120000000,1,0,0,0,1,0,0,PUNJAB,1
18,1,70600000,0.012479892524438,HOSHIARPUR,31,0.039591315453385,1.4,0.02491103202847,38,0,SC,950000000,1,1,0,1,1,0,0,PUNJAB,1
18,1,24300000,0.004295487087023,JALANDHAR,24,0.030651340996169,6.8,0.120996441281139,24,0,SC,670000000,0,0,0,0,1,1,0,PUNJAB,0
17,0.909090909090909,28300000,0.005002563150731,KHADOOR SAHIB,6,0.007662835249042,9.7,0.172597864768683,18,0,GEN,1740000000,1,0,1,0,0,0,0,PUNJAB,1
18,1,460700000,0.081437485637518,LUDHIANA,60,0.076628352490422,1.8,0.03202846975089,60,8,GEN,7260000000,0,0,0,0,1,1,0,PUNJAB,0
17,0.909090909090909,46500000,0.0082197592406,PATIALA,6,0.007662835249042,1.9,0.033807829181495,30,2,GEN,3290000000,0,0,0,0,1,1,0,PUNJAB,0
15,0.727272727272727,70000000,0.012373831114882,SANGRUR,201,0.256704980842912,19.3,0.343416370106762,195,2,GEN,1300000000,0,0,0,0,1,1,0,PUNJAB,0
17,0.909090909090909,726900000,0.128493397677255,AJMER,14,0.017879948914432,14.9,0.265124555160142,155,15,GEN,45260000000,1,1,0,1,1,0,0,RAJASTHAN,1
13,0.545454545454545,497100000,0.087871877817256,ALWAR,110,0.140485312899106,26.7,0.47508896797153,109,5,GEN,9160000000,1,0,0,0,1,0,0,RAJASTHAN,1
7,0,75600000,0.013363737604073,BANSWARA,7,0.008939974457216,7.8,0.138790035587189,7,1,ST,210000000,1,0,0,0,1,0,0,RAJASTHAN,1
9,0.181818181818182,364500000,0.064432306305351,BARMER,42,0.053639846743295,7.2,0.128113879003559,43,0,GEN,12360000000,1,0,1,0,0,0,0,RAJASTHAN,1
13,0.545454545454545,113700000,0.020098637110887,BHARATPUR,510,0.651340996168582,25.5,0.453736654804271,110,5,SC,9680000000,1,0,0,0,1,0,0,RAJASTHAN,1
11,0.363636363636364,171200000,0.030262855526683,BHILWARA,8,0.01021711366539,22.3,0.396797153024911,8,2,GEN,8120000000,1,0,0,0,1,0,0,RAJASTHAN,1
16,0.818181818181818,64500000,0.011401601527284,BIKANER,2,0.002554278416347,33.1,0.588967971530249,27,0,SC,1220000000,1,0,0,0,1,0,0,RAJASTHAN,1
11,0.363636363636364,141700000,0.02504816955684,CHITTORGARH,29,0.037037037037037,27,0.480427046263345,41,1,GEN,8470000000,1,0,0,0,1,0,0,RAJASTHAN,1
15,0.727272727272727,22300000,0.00394194905517,CHURU,0,0,26.1,0.4644128113879,1,0,GEN,200000000,1,0,0,0,1,0,0,RAJASTHAN,1
14,0.636363636363636,235800000,0.04168213395556,DAUSA,1,0.001277139208174,4.9,0.087188612099644,251,18,ST,23580000000,1,0,0,0,1,0,0,RAJASTHAN,1
17,0.909090909090909,200000,3.53538031853777E-05,GANGANAGAR,2,0.002554278416347,23.2,0.412811387900356,25,0,SC,20000000,1,1,0,0,1,0,0,RAJASTHAN,1
18,1,537200000,0.094960315355925,JAIPUR,142,0.181353767560664,41.6,0.740213523131672,142,13,GEN,14420000000,1,0,0,0,1,0,0,RAJASTHAN,1
15,0.727272727272727,435800000,0.077035937140938,JAIPUR RURAL,1,0.001277139208174,32.8,0.583629893238434,251,18,GEN,23580000000,1,1,0,1,1,0,0,RAJASTHAN,1
11,0.363636363636364,71100000,0.012568277032402,JALORE,13,0.016602809706258,35.1,0.624555160142349,6,0,GEN,3450000000,1,0,1,0,0,0,0,RAJASTHAN,1
10,0.272727272727273,146800000,0.025949691538067,JHALAWAR-BARAN,7,0.008939974457216,24.6,0.437722419928826,7,2,GEN,3620000000,1,0,0,0,1,0,0,RAJASTHAN,1
16,0.818181818181818,153700000,0.027169397747963,JHUNJHUNU,2,0.002554278416347,23.2,0.412811387900356,4,1,GEN,6960000000,1,0,0,0,1,0,0,RAJASTHAN,1
9,0.181818181818182,400500000,0.070795990878719,JODHPUR,11,0.014048531289911,38,0.676156583629893,49,0,GEN,32790000000,1,0,1,0,0,0,0,RAJASTHAN,1
12,0.454545454545455,16300000,0.002881334959608,KARAULI-DHOLPUR,0,0,3.2,0.05693950177936,0,0,SC,0,1,0,1,0,0,0,0,RAJASTHAN,1
14,0.636363636363636,166700000,0.029467394955012,KOTA,13,0.016602809706258,17.4,0.309608540925267,13,2,GEN,5360000000,1,0,0,0,1,0,0,RAJASTHAN,1
11,0.363636363636364,431500000,0.076275830372452,NAGAUR,0,0,7.5,0.133451957295374,0,0,GEN,4010000000,1,0,0,0,1,0,0,RAJASTHAN,1
11,0.363636363636364,364600000,0.064449983206944,PALI,2,0.002554278416347,36.4,0.647686832740213,13,0,GEN,31920000000,1,0,0,0,1,0,0,RAJASTHAN,1
13,0.545454545454545,408500000,0.072210143006134,RAJSAMAND,4,0.005108556832695,40.3,0.717081850533808,19,2,GEN,35510000000,1,0,0,0,1,0,0,RAJASTHAN,1
16,0.818181818181818,50700000,0.008962189107493,SIKAR,2,0.002554278416347,22.4,0.398576512455516,2,1,GEN,910000000,1,0,0,0,1,0,0,RAJASTHAN,1
12,0.454545454545455,16200000,0.002863658058016,TONK-SAWAI MADHOPUR,10,0.012771392081737,13,0.231316725978648,9,0,GEN,130000000,1,0,0,0,1,0,0,RAJASTHAN,1
9,0.181818181818182,291400000,0.051510491241095,UDAIPUR,12,0.015325670498084,19.8,0.352313167259786,12,1,ST,3250000000,1,0,0,0,1,0,0,RAJASTHAN,1
17,0.909090909090909,10900000,0.001926782273603,SIKKIM,19,0.0242656449553,13.5,0.240213523131673,16,0,GEN,310000000,0,0,1,0,0,0,0,SIKKIM,1
18,1,2161000000,0.381997843418006,ARAKKONAM,0,0,22.1,0.393238434163701,161,2,GEN,216100000000,0,0,0,0,1,0,0,TAMIL NADU,1
14,0.636363636363636,3500000,0.000618691555744,ARANI,0,0,22.2,0.395017793594306,19,0,GEN,350000000,0,0,0,0,1,0,0,TAMIL NADU,1
18,1,2386900000,0.42192996411589,CHENNAI CENTRAL,233,0.29757343550447,5.6,0.099644128113879,232,58,GEN,116960000000,0,0,0,0,1,0,0,TAMIL NADU,1
18,1,2170200000,0.383624118364533,CHENNAI NORTH,1,0.001277139208174,11,0.195729537366548,366,59,GEN,117020000000,0,0,0,0,1,0,0,TAMIL NADU,1
18,1,2177000000,0.384826147672836,CHENNAI SOUTH,1,0.001277139208174,12.6,0.224199288256228,362,58,GEN,117700000000,0,0,0,0,1,0,0,TAMIL NADU,1
14,0.636363636363636,118200000,0.020894097682558,CHIDAMBARAM,1,0.001277139208174,11.8,0.209964412811388,21,1,SC,11820000000,0,0,0,0,1,0,0,TAMIL NADU,1
18,1,733600000,0.129677750083965,COIMBATORE,106,0.135376756066411,3.6,0.064056939501779,135,13,GEN,16560000000,0,0,0,0,1,0,0,TAMIL NADU,1
15,0.727272727272727,405700000,0.071715189761539,CUDDALORE,10,0.012771392081737,20.6,0.366548042704626,10,1,GEN,11790000000,0,0,0,0,1,0,0,TAMIL NADU,1
17,0.909090909090909,46600000,0.008237436142193,DHARMAPURI,4,0.005108556832695,7,0.124555160142349,35,1,GEN,2130000000,1,0,0,0,1,0,0,TAMIL NADU,0
14,0.636363636363636,56900000,0.01005815700624,DINDIGUL,17,0.021711366538953,11.8,0.209964412811388,13,1,GEN,1390000000,0,0,0,0,1,0,0,TAMIL NADU,1
18,1,61400000,0.010853617577911,ERODE,20,0.025542784163474,21,0.373665480427046,58,2,GEN,900000000,0,0,0,0,1,0,0,TAMIL NADU,1
16,0.818181818181818,16600000,0.002934365664386,KALLAKURICHI,0,0,20.2,0.359430604982206,45,1,GEN,1660000000,0,0,0,0,1,0,0,TAMIL NADU,1
18,1,57700000,0.010199572218982,KANCHEEPURAM,131,0.167305236270753,13,0.231316725978648,130,0,SC,740000000,0,0,0,0,1,0,0,TAMIL NADU,1
18,1,29400000,0.005197009068251,KANNIYAKUMARI,26,0.033205619412516,13,0.231316725978648,26,0,GEN,690000000,1,0,0,0,1,0,0,TAMIL NADU,0
16,0.818181818181818,65200000,0.011525339838433,KARUR,8,0.01021711366539,18.7,0.332740213523132,37,3,GEN,5030000000,0,0,0,0,1,0,0,TAMIL NADU,1
13,0.545454545454545,70400000,0.012444538721253,KRISHNAGIRI,24,0.030651340996169,19.3,0.343416370106762,59,3,GEN,1060000000,0,0,0,0,1,0,0,TAMIL NADU,1
18,1,124800000,0.022060773187676,MADURAI,41,0.052362707535121,20.2,0.359430604982206,19,2,GEN,2580000000,0,0,0,0,1,0,0,TAMIL NADU,1
16,0.818181818181818,58400000,0.01032331053013,MAYILADUTHURAI,0,0,27,0.480427046263345,9,1,GEN,5840000000,0,0,0,0,1,0,0,TAMIL NADU,1
15,0.727272727272727,68700000,0.012144031394177,NAGAPATTINAM,8,0.01021711366539,11.3,0.201067615658363,4,0,SC,1850000000,0,0,0,0,1,0,0,TAMIL NADU,1
18,1,24900000,0.00440154849658,NAMAKKAL,2,0.002554278416347,27.8,0.494661921708185,33,1,GEN,1760000000,0,0,0,0,1,0,0,TAMIL NADU,1
18,1,188400000,0.033303282600626,NILGIRIS,3,0.003831417624521,11.2,0.199288256227758,184,14,SC,17760000000,0,0,0,0,1,0,0,TAMIL NADU,1
17,0.909090909090909,37700000,0.006664191900444,PERAMBALUR,1,0.001277139208174,20.7,0.368327402135231,17,2,GEN,3650000000,0,0,0,0,1,0,0,TAMIL NADU,1
18,1,165600000,0.029272949037493,POLLACHI,0,0,13.9,0.247330960854092,135,13,GEN,16560000000,0,0,0,0,1,0,0,TAMIL NADU,1
16,0.818181818181818,34400000,0.006080854147885,RAMANATHAPURAM,1,0.001277139208174,11.9,0.211743772241993,20,2,GEN,2280000000,0,0,1,0,0,0,0,TAMIL NADU,1
18,1,75500000,0.01334606070248,SALEM,33,0.042145593869732,23.3,0.414590747330961,31,1,GEN,1660000000,0,0,0,0,1,0,0,TAMIL NADU,1
15,0.727272727272727,61000000,0.01078290997154,SIVAGANGA,4,0.005108556832695,22.3,0.396797153024911,17,0,GEN,300000000,0,0,0,0,1,0,0,TAMIL NADU,1
18,1,8000000,0.001414152127415,SRIPERUMBUDUR,6,0.007662835249042,8,0.142348754448399,264,1,GEN,800000000,0,0,0,0,1,0,0,TAMIL NADU,1
18,1,67900000,0.012002616181436,TENKASI,0,0,15.9,0.282918149466192,84,2,SC,6790000000,0,0,1,0,0,0,0,TAMIL NADU,1
16,0.818181818181818,188400000,0.033303282600626,THANJAVUR,5,0.006385696040868,14.2,0.252669039145907,5,1,GEN,5490000000,0,0,0,0,1,0,0,TAMIL NADU,1
17,0.909090909090909,41400000,0.007318237259373,THENI,3,0.003831417624521,29.2,0.519572953736655,22,2,GEN,2740000000,0,0,0,0,1,0,0,TAMIL NADU,1
18,1,74000000,0.01308090717859,THOOTHUKKUDI,21,0.026819923371648,13.5,0.240213523131673,21,2,GEN,2540000000,0,0,0,0,1,0,0,TAMIL NADU,1
15,0.727272727272727,120300000,0.021265312616005,TIRUCHIRAPPALLI,18,0.022988505747127,15.2,0.270462633451957,18,0,GEN,2740000000,0,0,0,0,1,0,0,TAMIL NADU,1
18,1,135400000,0.023934524756501,TIRUNELVELI,78,0.099616858237548,13.1,0.233096085409253,78,0,GEN,5180000000,0,0,0,0,1,0,0,TAMIL NADU,1
18,1,13700000,0.002421735518198,TIRUPPUR,40,0.051085568326948,17.1,0.304270462633452,19,1,GEN,790000000,0,0,0,0,1,0,0,TAMIL NADU,1
18,1,5600000,0.000989906489191,TIRUVALLUR,139,0.177522349936143,25.8,0.459074733096085,134,1,SC,60000000,0,0,0,0,1,0,0,TAMIL NADU,1
16,0.818181818181818,2168000000,0.383235226529494,TIRUVANNAMALAI,5,0.006385696040868,15.8,0.281138790035587,32,1,GEN,216390000000,0,0,0,0,1,0,0,TAMIL NADU,1
18,1,2236200000,0.395290873415708,VELLORE,30,0.038314176245211,6.1,0.108540925266904,27,1,GEN,216040000000,0,0,0,0,1,0,0,TAMIL NADU,1
14,0.636363636363636,0,0,VILUPPURAM,14,0.017879948914432,18.1,0.322064056939502,14,0,SC,0,0,0,0,0,1,0,0,TAMIL NADU,1
18,1,107900000,0.019073376818511,VIRUDHUNAGAR,7,0.008939974457216,14.4,0.256227758007117,25,4,GEN,4190000000,0,0,1,0,0,0,0,TAMIL NADU,1
13,0.545454545454545,2700000,0.000477276343003,ADILABAD,2,0.002554278416347,16.4,0.291814946619217,2,0,ST,150000000,0,0,1,0,0,0,0,TELANGANA,1
15,0.727272727272727,56000000,0.009899064891906,BHONGIR,9,0.011494252873563,2.5,0.044483985765125,155,8,GEN,5600000000,0,0,0,0,1,0,0,TELANGANA,1
17,0.909090909090909,138400000,0.024464831804281,CHEVELLA,116,0.148148148148148,5.5,0.097864768683274,114,1,GEN,3740000000,0,0,0,0,1,0,0,TELANGANA,1
18,1,1667200000,0.294709303353308,HYDERABAD,165,0.210727969348659,20.8,0.370106761565836,159,26,GEN,30460000000,0,0,0,0,1,1,0,TELANGANA,0
14,0.636363636363636,211200000,0.037333616163759,KARIMNAGAR,29,0.037037037037037,18.2,0.323843416370107,29,2,GEN,13180000000,0,0,0,0,1,0,0,TELANGANA,1
15,0.727272727272727,83700000,0.014795566633081,KHAMMAM,31,0.039591315453385,1,0.01779359430605,20,3,GEN,1180000000,0,0,1,0,0,1,0,TELANGANA,0
14,0.636363636363636,11800000,0.002085874387937,MAHABUBABAD,1,0.001277139208174,3.1,0.055160142348755,20,3,ST,1180000000,0,0,1,0,0,0,0,TELANGANA,1
14,0.636363636363636,21900000,0.003871241448799,MAHBUBNAGAR,20,0.025542784163474,0.3,0.005338078291815,18,1,GEN,1730000000,0,0,0,0,1,0,0,TELANGANA,1
18,1,345200000,0.061020664297962,MALKAJGIRI,2,0.002554278416347,1.8,0.03202846975089,273,27,GEN,34200000000,1,0,0,0,1,0,0,TELANGANA,0
15,0.727272727272727,53700000,0.009492496155274,MEDAK,121,0.154533844189017,33.3,0.592526690391459,110,3,GEN,3500000000,0,0,0,0,1,0,0,TELANGANA,1
14,0.636363636363636,17300000,0.003058103975535,NAGARKURNOOL,1,0.001277139208174,1.5,0.026690391459075,18,1,SC,1730000000,0,0,0,0,1,1,0,TELANGANA,0
14,0.636363636363636,96500000,0.017058210036945,NALGONDA,44,0.056194125159642,16.2,0.288256227758007,41,7,GEN,1860000000,0,0,0,0,1,1,0,TELANGANA,0
14,0.636363636363636,134800000,0.023828463346945,NIZAMABAD,10,0.012771392081737,16.2,0.288256227758007,31,2,GEN,13190000000,0,0,0,0,1,0,0,TELANGANA,1
13,0.545454545454545,133300000,0.023563309823054,PEDDAPALLE,5,0.006385696040868,28.5,0.50711743772242,31,2,SC,13330000000,0,0,1,0,0,0,0,TELANGANA,1
18,1,304600000,0.05384384225133,SECUNDERABAD,17,0.021711366538953,25.4,0.451957295373665,159,26,GEN,30460000000,1,1,0,1,1,0,0,TELANGANA,0
14,0.636363636363636,35100000,0.006204592459034,ZAHIRABAD,2,0.002554278416347,13.2,0.234875444839858,112,3,GEN,3510000000,0,0,0,0,1,0,0,TELANGANA,1
15,0.727272727272727,11800000,0.002085874387937,TRIPURA EAST,0,0,50.9,0.905693950177936,0,0,ST,1020000000,0,0,1,0,0,0,0,TRIPURA,1
15,0.727272727272727,20000000,0.003535380318538,TRIPURA WEST,0,0,46.9,0.834519572953737,0,0,GEN,800000000,0,0,0,0,1,0,0,TRIPURA,1
12,0.454545454545455,82300000,0.014548090010783,AGRA,16,0.020434227330779,28.1,0.5,17,3,SC,1090000000,1,1,0,0,1,0,0,UTTAR PRADESH,0
14,0.636363636363636,44400000,0.007848544307154,AKBARPUR,0,0,28.7,0.51067615658363,22,3,GEN,4440000000,1,0,0,0,1,0,0,UTTAR PRADESH,0
13,0.545454545454545,33200000,0.005868731328773,ALIGARH,9,0.011494252873563,26.9,0.47864768683274,8,0,GEN,800000000,1,0,0,0,1,0,0,UTTAR PRADESH,0
12,0.454545454545455,224200000,0.039631613370808,ALLAHABAD,275,0.351213282247765,7,0.124555160142349,0,0,GEN,630000000,1,0,0,0,1,0,0,UTTAR PRADESH,0
11,0.363636363636364,18400000,0.003252549893055,AMBEDKAR NAGAR,8,0.01021711366539,13.5,0.240213523131673,8,0,GEN,1840000000,1,0,0,0,1,0,0,UTTAR PRADESH,0
10,0.272727272727273,169100000,0.029891640593237,AMETHI,1,0.001277139208174,12.3,0.218861209964413,19,1,GEN,5060000000,0,0,0,0,1,1,0,UTTAR PRADESH,0
13,0.545454545454545,18700000,0.003305580597833,AMROHA,6,0.007662835249042,14.4,0.256227758007117,139,4,GEN,840000000,1,0,0,0,1,0,1,UTTAR PRADESH,0
9,0.181818181818182,2500000,0.000441922539817,AONLA,0,0,13.9,0.247330960854092,21,0,GEN,250000000,1,0,0,0,1,0,0,UTTAR PRADESH,0
11,0.363636363636364,3000000,0.000530307047781,AZAMGARH,0,0,6.6,0.117437722419929,0,0,GEN,0,0,0,0,0,1,0,0,UTTAR PRADESH,1
9,0.181818181818182,500000,8.83845079634442E-05,BADAUN,5,0.006385696040868,16.2,0.288256227758007,9,1,GEN,50000000,0,0,0,0,1,0,0,UTTAR PRADESH,1
16,0.818181818181818,21600000,0.003818210744021,BAGHPAT,0,0,20.9,0.371886120996441,146,3,GEN,1450000000,1,0,0,0,1,0,0,UTTAR PRADESH,0
7,0,200000,3.53538031853777E-05,BAHRAICH,3,0.003831417624521,10.2,0.181494661921708,3,0,SC,0,1,0,1,0,0,0,0,UTTAR PRADESH,0
12,0.454545454545455,5600000,0.000989906489191,BALLIA,6,0.007662835249042,14.8,0.263345195729537,1,0,GEN,400000000,1,0,0,0,1,0,0,UTTAR PRADESH,0
8,0.090909090909091,0,0,BANDA,0,0,13.5,0.240213523131673,0,0,GEN,0,1,0,1,0,0,0,0,UTTAR PRADESH,0
11,0.363636363636364,7000000,0.001237383111488,BANSGAON,0,0,21.6,0.384341637010676,4,0,SC,700000000,1,0,0,0,1,0,0,UTTAR PRADESH,0
8,0.090909090909091,93200000,0.016474872284386,BARABANKI,270,0.344827586206897,19.8,0.352313167259786,270,0,SC,340000000,1,0,0,0,1,0,0,UTTAR PRADESH,0
11,0.363636363636364,34300000,0.006063177246292,BAREILLY,16,0.020434227330779,23.6,0.419928825622776,16,0,GEN,250000000,1,1,0,0,1,0,0,UTTAR PRADESH,0
10,0.272727272727273,14000000,0.002474766222976,BASTI,1,0.001277139208174,3.2,0.05693950177936,1,0,GEN,0,1,0,0,0,1,0,0,UTTAR PRADESH,0
12,0.454545454545455,6300000,0.001113644800339,BHADOHI,0,0,16.1,0.286476868327402,0,0,GEN,630000000,1,0,0,0,1,0,0,UTTAR PRADESH,0
14,0.636363636363636,11000000,0.001944459175196,BIJNOR,7,0.008939974457216,19.4,0.345195729537366,32,0,GEN,690000000,1,0,0,0,1,0,0,UTTAR PRADESH,0
13,0.545454545454545,30400000,0.005373778084177,BULANDSHAHR,29,0.037037037037037,41.8,0.743772241992883,29,0,SC,910000000,1,0,0,0,1,0,0,UTTAR PRADESH,0
13,0.545454545454545,43500000,0.00768945219282,CHANDAULI,0,0,16,0.284697508896797,11,2,GEN,4350000000,1,0,1,0,0,0,0,UTTAR PRADESH,0
10,0.272727272727273,9600000,0.001696982552898,DEORIA,0,0,27.3,0.48576512455516,3,0,GEN,0,1,1,0,0,1,0,0,UTTAR PRADESH,0
7,0,6300000,0.001113644800339,DHAURAHRA,0,0,11.9,0.211743772241993,12,0,GEN,630000000,1,0,0,0,1,0,0,UTTAR PRADESH,0
9,0.181818181818182,0,0,DOMARIYAGANJ,0,0,11.1,0.197508896797153,0,0,GEN,0,1,0,1,0,0,0,0,UTTAR PRADESH,0
11,0.363636363636364,1800000,0.000318184228668,ETAH,1,0.001277139208174,21.7,0.386120996441281,1,0,GEN,0,1,0,0,0,1,0,0,UTTAR PRADESH,0
10,0.272727272727273,31900000,0.005638931608068,ETAWAH,10,0.012771392081737,18.4,0.327402135231317,8,1,SC,3180000000,1,0,0,0,1,0,0,UTTAR PRADESH,0
9,0.181818181818182,4100000,0.0007247529653,FAIZABAD,0,0,27.6,0.491103202846975,270,0,GEN,410000000,1,0,0,0,1,0,0,UTTAR PRADESH,0
11,0.363636363636364,800000,0.000141415212742,FARRUKHABAD,0,0,15.5,0.275800711743772,1,0,GEN,0,1,0,0,0,1,0,0,UTTAR PRADESH,0
8,0.090909090909091,0,0,FATEHPUR,3,0.003831417624521,17.7,0.314946619217082,3,0,GEN,0,1,1,1,0,0,0,0,UTTAR PRADESH,0
14,0.636363636363636,10900000,0.001926782273603,FATEHPUR SIKRI,0,0,17.9,0.318505338078292,16,3,GEN,1090000000,1,0,0,0,1,0,0,UTTAR PRADESH,0
11,0.363636363636364,100000,1.76769015926888E-05,FIROZABAD,0,0,10.3,0.183274021352313,0,0,GEN,10000000,0,0,0,0,1,0,0,UTTAR PRADESH,1
15,0.727272727272727,1098900000,0.194251471602058,GAUTAM BUDHHA NAGAR,134,0.171136653895275,23.4,0.416370106761566,222,0,GEN,2660000000,1,1,0,1,1,0,0,UTTAR PRADESH,0
17,0.909090909090909,179800000,0.031783069063655,GHAZIABAD,133,0.169859514687101,42.3,0.752669039145907,133,3,GEN,840000000,1,1,0,1,1,0,0,UTTAR PRADESH,0
10,0.272727272727273,143300000,0.025330999982323,GHAZIPUR,0,0,3.3,0.058718861209964,0,0,GEN,70000000,1,1,0,1,1,0,0,UTTAR PRADESH,0
13,0.545454545454545,6500000,0.001148998603525,GHOSI,0,0,14,0.249110320284697,1,0,GEN,650000000,1,0,0,0,1,0,0,UTTAR PRADESH,0
8,0.090909090909091,5500000,0.000972229587598,GONDA,2,0.002554278416347,18.4,0.327402135231317,6,0,GEN,180000000,1,0,1,0,0,0,0,UTTAR PRADESH,0
12,0.454545454545455,16600000,0.002934365664386,GORAKHPUR,4,0.005108556832695,30.1,0.5355871886121,4,0,GEN,700000000,1,0,0,0,1,0,0,UTTAR PRADESH,0
9,0.181818181818182,400000,7.07076063707553E-05,HAMIRPUR,0,0,27.4,0.487544483985765,287,1,GEN,100000000,1,0,0,0,1,0,0,UTTAR PRADESH,0
8,0.090909090909091,2100000,0.000371214933446,HARDOI,0,0,8.4,0.149466192170819,0,0,SC,60000000,1,0,0,0,1,0,0,UTTAR PRADESH,0
12,0.454545454545455,8000000,0.001414152127415,HATHRAS,0,0,31.1,0.553380782918149,8,0,SC,800000000,1,0,0,0,1,0,0,UTTAR PRADESH,0
11,0.363636363636364,6200000,0.001095967898747,JALAUN,0,0,25.9,0.46085409252669,3,0,SC,620000000,1,0,0,0,1,0,0,UTTAR PRADESH,0
11,0.363636363636364,15400000,0.002722242845274,JAUNPUR,8,0.01021711366539,14.5,0.258007117437722,8,0,GEN,150000000,1,0,0,0,1,0,0,UTTAR PRADESH,0
10,0.272727272727273,65800000,0.011631401247989,JHANSI,2,0.002554278416347,14.4,0.256227758007117,2,0,GEN,0,1,1,0,0,1,0,0,UTTAR PRADESH,0
14,0.636363636363636,2300000,0.000406568736632,KAIRANA,0,0,21.2,0.377224199288256,32,0,GEN,230000000,1,0,0,0,1,0,0,UTTAR PRADESH,0
8,0.090909090909091,1300000,0.000229799720705,KAISERGANJ,0,0,8.3,0.147686832740214,5,0,GEN,130000000,1,0,1,0,0,0,0,UTTAR PRADESH,0
10,0.272727272727273,34000000,0.006010146541514,KANNAUJ,0,0,1.8,0.03202846975089,8,1,GEN,3180000000,0,0,0,0,1,0,0,UTTAR PRADESH,1
18,1,211200000,0.037333616163759,KANPUR,32,0.040868454661558,26.7,0.47508896797153,21,3,GEN,3820000000,1,0,0,0,1,0,0,UTTAR PRADESH,0
9,0.181818181818182,700000,0.000123738311149,KAUSHAMBI,0,0,4.7,0.083629893238434,0,0,SC,70000000,1,0,0,0,1,0,0,UTTAR PRADESH,0
7,0,0,0,KHERI,0,0,10.2,0.181494661921708,0,0,GEN,0,1,0,0,0,1,0,0,UTTAR PRADESH,0
10,0.272727272727273,8600000,0.001520213536971,KUSHI NAGAR,3,0.003831417624521,9,0.160142348754448,3,0,GEN,0,1,0,0,0,1,0,0,UTTAR PRADESH,0
11,0.363636363636364,0,0,LALGANJ,0,0,7,0.124555160142349,0,0,SC,0,1,0,0,0,1,0,0,UTTAR PRADESH,0
16,0.818181818181818,221900000,0.039225044634177,LUCKNOW,39,0.049808429118774,26.4,0.469750889679715,39,3,GEN,3480000000,1,1,0,1,1,0,0,UTTAR PRADESH,0
13,0.545454545454545,45000000,0.00795460571671,MACHHLISHAHR,0,0,17.3,0.307829181494662,19,2,SC,4500000000,1,0,0,0,1,0,0,UTTAR PRADESH,0
10,0.272727272727273,17100000,0.00302275017235,MAHARAJGANJ,0,0,22.8,0.405693950177936,0,0,GEN,0,1,0,0,0,1,0,0,UTTAR PRADESH,0
10,0.272727272727273,0,0,MAINPURI,0,0,36.5,0.649466192170818,0,0,GEN,0,0,0,0,0,1,0,0,UTTAR PRADESH,1
12,0.454545454545455,234300000,0.04141698043167,MATHURA,12,0.015325670498084,30.7,0.54626334519573,7,1,GEN,1040000000,1,0,0,0,1,0,0,UTTAR PRADESH,0
17,0.909090909090909,126600000,0.022378957416344,MEERUT,17,0.021711366538953,20.9,0.371886120996441,146,3,GEN,1380000000,1,0,0,0,1,0,0,UTTAR PRADESH,0
11,0.363636363636364,100000,1.76769015926888E-05,MIRZAPUR,0,0,21.7,0.386120996441281,0,0,GEN,0,1,0,0,0,1,0,0,UTTAR PRADESH,0
11,0.363636363636364,45100000,0.007972282618303,MISRIKH,0,0,8.8,0.156583629893238,33,3,SC,4510000000,1,0,0,0,1,0,0,UTTAR PRADESH,0
11,0.363636363636364,41100000,0.007265206554595,MOHANLALGANJ,0,0,13,0.231316725978648,51,3,SC,4110000000,1,0,0,0,1,0,0,UTTAR PRADESH,0
11,0.363636363636364,37700000,0.006664191900444,MORADABAD,13,0.016602809706258,7.8,0.138790035587189,20,1,GEN,1250000000,1,0,0,0,1,0,0,UTTAR PRADESH,0
15,0.727272727272727,11400000,0.002015166781567,MUZAFFARNAGAR,12,0.015325670498084,36.2,0.644128113879004,25,0,GEN,540000000,1,1,0,1,1,0,0,UTTAR PRADESH,0
11,0.363636363636364,1500000,0.00026515352389,NAGINA,2,0.002554278416347,9.8,0.174377224199288,7,0,SC,150000000,1,0,0,0,1,0,0,UTTAR PRADESH,0
12,0.454545454545455,6300000,0.001113644800339,PHULPUR,0,0,32.1,0.571174377224199,0,0,GEN,630000000,1,0,0,0,1,0,0,UTTAR PRADESH,0
10,0.272727272727273,18300000,0.003234872991462,PILIBHIT,0,0,29.2,0.519572953736655,16,0,GEN,660000000,1,1,0,0,1,0,0,UTTAR PRADESH,0
10,0.272727272727273,18900000,0.003340934401018,PRATAPGARH,0,0,18.8,0.334519572953737,0,0,GEN,70000000,1,0,0,0,1,0,0,UTTAR PRADESH,0
9,0.181818181818182,33200000,0.005868731328773,RAE BARELI,12,0.015325670498084,42.7,0.759786476868327,12,1,GEN,3320000000,0,0,0,0,1,1,0,UTTAR PRADESH,0
10,0.272727272727273,35500000,0.006275300065405,RAMPUR,9,0.011494252873563,2.5,0.044483985765125,9,1,GEN,1210000000,1,0,0,0,1,0,0,UTTAR PRADESH,0
10,0.272727272727273,23800000,0.00420710257906,ROBERTSGANJ,22,0.028097062579821,21.5,0.382562277580071,14,1,SC,980000000,1,0,1,0,0,0,0,UTTAR PRADESH,0
14,0.636363636363636,28700000,0.005073270757102,SAHARANPUR,20,0.025542784163474,5.5,0.097864768683274,20,0,GEN,230000000,1,0,0,0,1,0,0,UTTAR PRADESH,0
12,0.454545454545455,3300000,0.000583337752559,SALEMPUR,0,0,27.2,0.483985765124555,1,0,GEN,330000000,1,0,0,0,1,0,0,UTTAR PRADESH,0
11,0.363636363636364,11500000,0.002032843683159,SAMBHAL,4,0.005108556832695,0.5,0.008896797153025,17,2,GEN,1150000000,1,0,0,0,1,0,0,UTTAR PRADESH,0
11,0.363636363636364,32900000,0.005815700623995,SANT KABIR NAGAR,1,0.001277139208174,9.7,0.172597864768683,13,0,GEN,3240000000,1,0,0,0,1,0,0,UTTAR PRADESH,0
8,0.090909090909091,218700000,0.038659383783211,SHAHJAHANPUR,5,0.006385696040868,20.8,0.370106761565836,5,0,SC,3310000000,1,0,0,0,1,0,0,UTTAR PRADESH,0
7,0,500000000,0.088384507963444,SHRAWASTI,0,0,8.8,0.156583629893238,4,0,GEN,60000000,1,0,1,0,0,0,0,UTTAR PRADESH,0
7,0,13100000,0.002315674108642,SITAPUR,12,0.015325670498084,5,0.088967971530249,12,0,GEN,630000000,1,0,0,0,1,0,0,UTTAR PRADESH,0
10,0.272727272727273,2100000,0.000371214933446,SULTANPUR,6,0.007662835249042,18.5,0.329181494661922,6,0,GEN,100000000,1,0,0,0,1,0,0,UTTAR PRADESH,0
7,0,1800000,0.000318184228668,UNNAO,6,0.007662835249042,25.8,0.459074733096085,6,0,GEN,180000000,1,0,0,0,1,0,0,UTTAR PRADESH,0
15,0.727272727272727,319600000,0.056495377490234,VARANASI,11,0.014048531289911,36.1,0.642348754448399,11,2,GEN,4350000000,1,1,0,1,1,0,0,UTTAR PRADESH,0
15,0.727272727272727,8800000,0.001555567340157,ALMORA,2,0.002554278416347,14.6,0.259786476868327,2,0,SC,200000000,1,0,0,0,1,0,0,UTTARAKHAND,0
16,0.818181818181818,316700000,0.055982747344046,GARHWAL,23,0.029374201787995,27.1,0.48220640569395,27,0,GEN,31330000000,1,0,0,0,1,0,0,UTTARAKHAND,0
17,0.909090909090909,595300000,0.105230595181277,HARDWAR,232,0.296296296296296,15.1,0.268683274021352,336,6,GEN,8730000000,1,0,1,0,0,0,0,UTTARAKHAND,0
15,0.727272727272727,27700000,0.004896501741175,NAINITAL-UDHAMSINGH NAGAR,215,0.274584929757344,25.8,0.459074733096085,208,1,GEN,170000000,1,0,1,0,0,0,0,UTTARAKHAND,0
16,0.818181818181818,595100000,0.105195241378091,TEHRI GARHWAL,103,0.13154533844189,24.8,0.441281138790036,106,1,GEN,33850000000,1,0,0,0,1,0,0,UTTARAKHAND,0
10,0.272727272727273,18500000,0.003270226794647,ALIPURDUARS,2,0.002554278416347,1.7,0.030249110320285,27,0,ST,950000000,0,0,0,0,1,0,0,WEST BENGAL,1
16,0.818181818181818,7600000,0.001343444521044,ARAMBAG,0,0,25.5,0.453736654804271,57,0,SC,760000000,0,0,0,0,1,0,0,WEST BENGAL,1
17,0.909090909090909,0,0,ASANSOL,6,0.007662835249042,6.2,0.110320284697509,10,0,GEN,0,1,1,0,0,1,0,0,WEST BENGAL,0
10,0.272727272727273,4700000,0.000830814374856,BAHARAMPUR,0,0,30.9,0.549822064056939,1,0,GEN,470000000,0,0,1,0,0,1,0,WEST BENGAL,0
10,0.272727272727273,10200000,0.001803043962454,BALURGHAT,0,0,10.1,0.179715302491103,0,0,GEN,0,0,0,1,0,0,0,0,WEST BENGAL,1
14,0.636363636363636,31700000,0.005603577804882,BANGAON,38,0.0485312899106,11.4,0.202846975088968,40,0,SC,1910000000,0,0,1,0,0,0,0,WEST BENGAL,1
9,0.181818181818182,55900000,0.009881387990313,BANKURA,12,0.015325670498084,8,0.142348754448399,19,0,GEN,4040000000,0,0,0,0,1,0,0,WEST BENGAL,1
18,1,2400000,0.000424245638225,BARASAT,0,0,13.6,0.241992882562278,38,0,GEN,240000000,0,0,0,0,1,0,0,WEST BENGAL,1
17,0.909,0,0,BARDHAMAN,56,0.11,8.1,0.144,58,0,SC,0,0,0,0,0,1,0,0,WEST BENGAL,1
18,1,2400000,0.000424245638225,BARRACKPUR,0,0,19.7,0.350533807829181,38,0,GEN,240000000,0,0,0,0,1,0,0,WEST BENGAL,1
18,1,2400000,0.000424245638225,BASIRHAT,0,0,8.6,0.153024911032028,38,0,GEN,240000000,0,0,0,0,1,0,0,WEST BENGAL,1
11,0.363636363636364,19300000,0.003411642007389,BIRBHUM,0,0,5.3,0.094306049822064,0,0,GEN,110000000,0,0,1,0,0,0,0,WEST BENGAL,1
13,0.545454545454545,16600000,0.002934365664386,BISHNUPUR,0,0,11.8,0.209964412811388,36,0,SC,310000000,0,0,0,0,1,0,0,WEST BENGAL,1
14,0.636363636363636,1100000,0.00019444591752,BOLPUR,0,0,18.1,0.322064056939502,24,0,SC,110000000,0,0,1,0,0,0,0,WEST BENGAL,1
10,0.272727272727273,0,0,COOCHBEHAR,0,0,6.5,0.115658362989324,0,0,SC,0,0,0,0,0,1,0,0,WEST BENGAL,1
13,0.545454545454545,36000000,0.006363684573368,DARJEELING,27,0.03448275862069,17.3,0.307829181494662,26,0,GEN,1440000000,1,0,0,0,1,0,0,WEST BENGAL,0
15,0.727272727272727,10900000,0.001926782273603,DIAMOND HARBOUR,0,0,5.7,0.101423487544484,16,1,GEN,1090000000,0,0,0,0,1,0,0,WEST BENGAL,1
18,1,2400000,0.000424245638225,DUM DUM,0,0,13.7,0.243772241992882,38,0,GEN,240000000,0,0,0,0,1,0,0,WEST BENGAL,1
14,0.636363636363636,0,0,GHATAL,0,0,19.1,0.339857651245552,29,0,GEN,0,0,0,0,0,1,0,0,WEST BENGAL,1
18,1,18600000,0.00328790369624,HOOGHLY,30,0.038314176245211,14,0.249110320284697,28,0,GEN,760000000,0,0,0,0,1,0,0,WEST BENGAL,1
18,1,46900000,0.008290466846971,HOWRAH,80,0.102171136653895,17.5,0.311387900355872,79,3,GEN,570000000,0,0,0,0,1,0,0,WEST BENGAL,1
15,0.727272727272727,10900000,0.001926782273603,JADAVPUR,0,0,9.8,0.174377224199288,16,1,GEN,1090000000,0,0,0,0,1,0,0,WEST BENGAL,1
10,0.272727272727273,24600000,0.004348517791801,JALPAIGURI,25,0.031928480204342,5.3,0.094306049822064,25,0,SC,800000000,0,0,0,0,1,0,0,WEST BENGAL,1
10,0.272727272727273,4700000,0.000830814374856,JANGIPUR,0,0,0.7,0.012455516014235,1,0,GEN,470000000,0,0,1,0,0,1,0,WEST BENGAL,0
15,0.727272727272727,10900000,0.001926782273603,JAYNAGAR,0,0,9.1,0.161921708185053,16,1,SC,1090000000,0,0,0,0,1,0,0,WEST BENGAL,1
13,0.545454545454545,37300000,0.006593484294073,JHARGRAM,0,0,27.7,0.49288256227758,36,0,ST,3730000000,0,0,0,0,1,0,0,WEST BENGAL,1
14,0.636363636363636,0,0,KANTHI,0,0,17.8,0.316725978647687,0,0,GEN,0,0,0,0,0,1,0,0,WEST BENGAL,1
16,0.818181818181818,1983200000,0.350568312386205,KOLKATA DAKSHIN,100,0.127713920817369,11.7,0.208185053380783,213,35,GEN,71540000000,0,0,0,0,1,0,0,WEST BENGAL,1
18,1,1704500000,0.301302787647381,KOLKATA UTTAR,98,0.125159642401022,10.1,0.179715302491103,197,34,GEN,70450000000,0,0,0,0,1,0,0,WEST BENGAL,1
11,0.363636363636364,588400000,0.104010888971381,KRISHNANAGAR,1,0.001277139208174,5.7,0.101423487544484,2,0,GEN,1670000000,0,0,1,0,0,0,0,WEST BENGAL,1
10,0.272727272727273,5050000,0.000892683530431,MALDAHA DAKSHIN,6,0.007662835249042,15,0.266903914590747,1,0,GEN,470000000,0,0,1,0,0,1,0,WEST BENGAL,0
10,0.272727272727273,350000,6.18691555744109E-05,MALDAHA UTTAR,0,0,5.6,0.099644128113879,0,0,GEN,0,0,0,1,0,0,1,0,WEST BENGAL,0
18,1,14800000,0.002616181435718,MATHURAPUR,20,0.025542784163474,10.9,0.193950177935943,38,0,SC,240000000,0,0,0,0,1,0,0,WEST BENGAL,1
14,0.636363636363636,6000000,0.001060614095561,MEDINIPUR,56,0.071519795657727,14.7,0.261565836298932,29,0,GEN,0,0,0,0,0,1,0,0,WEST BENGAL,1
10,0.272727272727273,30000000,0.005303070477807,MURSHIDABAD,1,0.001277139208174,1.4,0.02491103202847,3,0,GEN,2140000000,0,0,1,0,0,1,0,WEST BENGAL,0
9,0.181818181818182,88900000,0.0157147655159,PURULIA,7,0.008939974457216,12.8,0.227758007117438,7,0,GEN,3730000000,0,0,0,0,1,0,0,WEST BENGAL,1
10,0.272727272727273,0,0,RAIGANJ,0,0,0.1,0.001779359430605,0,0,GEN,0,0,0,0,0,1,1,0,WEST BENGAL,0
11,0.363636363636364,202600000,0.035813402626788,RANAGHAT,2,0.002554278416347,14.9,0.265124555160142,2,0,SC,1670000000,0,0,1,0,0,0,0,WEST BENGAL,1
18,1,13300000,0.002351027911828,SREERAMPUR,0,0,11.8,0.209964412811388,107,3,GEN,1330000000,0,0,0,0,1,0,0,WEST BENGAL,1
14,0.636363636363636,0,0,TAMLUK,1,0.001277139208174,18.4,0.327402135231317,0,0,GEN,0,0,0,0,0,1,0,0,WEST BENGAL,1
18,1,5700000,0.001007583390783,ULUBERIA,0,0,17,0.302491103202847,79,3,GEN,570000000,0,0,0,0,1,0,0,WEST BENGAL,1
